-7.365144497367719367e+00,2.677546220988595405e+00,0.000000000000000000e+00
3.675051785750538258e+00,-6.344161152509702362e+00,0.000000000000000000e+00
-3.364928298203651025e+00,7.041317904815105777e+00,0.000000000000000000e+00
1.694320137087105493e+00,1.447160995148867091e+00,0.000000000000000000e+00
4.054083423571031020e+00,-1.304888490907816889e+00,0.000000000000000000e+00
-7.742027325908123814e+00,1.264912760591284435e+00,0.000000000000000000e+00
-6.917131346212185505e+00,8.893597986915709797e+00,0.000000000000000000e+00
3.383288067335100013e+00,-3.178703867623940749e+00,0.000000000000000000e+00
3.962048440648000547e+00,-4.795082669700466482e+00,0.000000000000000000e+00
-1.897283688896041598e+00,5.798241310164400808e+00,0.000000000000000000e+00
-5.207891145420778578e+00,1.907283749566745401e+00,0.000000000000000000e+00
3.083910129952811552e+00,-6.765968841731884176e+00,0.000000000000000000e+00
-5.679788684969031998e+00,1.613963510266003709e+00,0.000000000000000000e+00
-3.296933709474272778e+00,-1.489919299486753612e+00,0.000000000000000000e+00
-1.521669970291166907e+00,-4.450175681004552963e+00,0.000000000000000000e+00
-6.247811891428547426e+00,5.941999511474346463e+00,0.000000000000000000e+00
7.684981539936379669e-01,4.988646576014431844e+00,0.000000000000000000e+00
-7.324032443220287902e+00,3.193075897599767732e+00,0.000000000000000000e+00
-6.304128839256377681e+00,2.691514769620929393e+00,0.000000000000000000e+00
-5.945891055742567488e+00,3.728385847790820051e+00,0.000000000000000000e+00
-4.688559127513653557e+00,4.869327123845635263e+00,0.000000000000000000e+00
4.180844441446232018e-01,7.058719973167997708e+00,0.000000000000000000e+00
3.184358435628533712e+00,1.796014512216996373e+00,0.000000000000000000e+00
9.393220039712758762e+00,-4.313702548562914352e+00,0.000000000000000000e+00
-9.429204146994882407e+00,5.420570082634023734e+00,0.000000000000000000e+00
-1.960238825081621394e+00,3.262893276545269394e+00,0.000000000000000000e+00
3.110441149714681330e+00,-3.565556625608760299e+00,0.000000000000000000e+00
4.626828096168828175e+00,-5.718312808169735639e+00,0.000000000000000000e+00
-6.646017908234786553e+00,4.664786475949292743e+00,0.000000000000000000e+00
-2.598595771706975199e+00,-1.835376244750378305e+00,0.000000000000000000e+00
-7.721713400489953472e+00,5.997560623534242907e+00,0.000000000000000000e+00
3.635822364552634856e+00,1.446895519684440412e+00,0.000000000000000000e+00
-2.472040012935221576e+00,3.109874192727632547e+00,0.000000000000000000e+00
-3.293718978813317655e+00,-1.165302151535473785e+00,0.000000000000000000e+00
-1.064721914869008135e+00,-5.798995659469103003e+00,0.000000000000000000e+00
-3.096988562249851196e+00,7.367548095398275265e+00,0.000000000000000000e+00
-3.172491335893308673e+00,4.829033237549289481e+00,0.000000000000000000e+00
-2.878710460284716888e+00,-3.611286955783315378e+00,0.000000000000000000e+00
6.768655834686605921e+00,-6.063932504958901681e+00,0.000000000000000000e+00
-1.771391050737492812e+00,5.418855827633511701e+00,0.000000000000000000e+00
5.806585001206676644e+00,-1.609520234640018366e+00,0.000000000000000000e+00
2.464491132749201618e+00,8.119852401102513051e-01,0.000000000000000000e+00
3.981292105288530170e+00,9.864160354916551299e-02,0.000000000000000000e+00
3.892736512871693311e+00,-6.913550141414294359e+00,0.000000000000000000e+00
5.210051329035044532e+00,-4.554123080004983670e-01,0.000000000000000000e+00
4.761446193100049129e+00,-2.160378553003652335e-01,0.000000000000000000e+00
-2.131437826234576782e+00,5.214746232774434276e+00,0.000000000000000000e+00
7.001324258399214351e+00,-5.477576491128638203e+00,0.000000000000000000e+00
7.627706691906347203e+00,-6.275153997950595475e-01,0.000000000000000000e+00
6.249347511284170764e+00,-1.027692879337935850e+00,0.000000000000000000e+00
1.500888215388082481e+00,2.849433816617070292e+00,0.000000000000000000e+00
-3.591462166547962909e-01,5.117091912595087777e+00,0.000000000000000000e+00
-7.813885475772238465e+00,7.289488469517511504e+00,0.000000000000000000e+00
4.032838018568139837e+00,-4.867535969622937664e+00,0.000000000000000000e+00
6.759632896821588410e+00,-5.695838298699658075e+00,0.000000000000000000e+00
7.209074321423340592e+00,-2.523953873038533136e+00,0.000000000000000000e+00
5.092102841151729287e+00,-5.820078795825534002e-01,0.000000000000000000e+00
5.371566721439847925e+00,-1.017553325280756482e+01,0.000000000000000000e+00
1.383890391921176466e-01,5.618780772944390378e+00,0.000000000000000000e+00
-4.932493116024979862e+00,7.691122192486989029e+00,0.000000000000000000e+00
-4.770550833589793704e+00,7.991870441283746018e-01,0.000000000000000000e+00
5.702099656243342807e+00,-6.696484730054683254e+00,0.000000000000000000e+00
6.180951309191216936e+00,-9.348243264279677334e+00,0.000000000000000000e+00
-6.664193892921951523e+00,6.255552625910703490e+00,0.000000000000000000e+00
7.365854198910996686e+00,-4.214021497631357249e+00,0.000000000000000000e+00
7.285153358321244887e+00,-7.163121275017588552e+00,0.000000000000000000e+00
4.214525120638591638e+00,-4.436832039401038763e+00,0.000000000000000000e+00
4.029192008325521712e-01,-4.599221391519001223e+00,0.000000000000000000e+00
-6.573591308123876154e+00,4.561030828871664333e+00,0.000000000000000000e+00
-2.338832808989344425e+00,3.041250311948706209e+00,0.000000000000000000e+00
3.057490939824939247e+00,-7.005888123211047258e+00,0.000000000000000000e+00
8.890835169448415343e+00,-4.296686197061241330e-01,0.000000000000000000e+00
-4.036842078848461135e+00,-5.174762508779509496e+00,0.000000000000000000e+00
-5.834572365611968792e+00,5.161961462205983509e+00,0.000000000000000000e+00
-2.577856138160794508e+00,-3.932414749337199922e+00,0.000000000000000000e+00
5.059044940830759174e-02,-9.031742910119607615e+00,0.000000000000000000e+00
1.290122819200574256e+00,2.709016406836116442e+00,0.000000000000000000e+00
-6.030855967752350111e+00,2.586523188177864974e-01,0.000000000000000000e+00
7.865990579025675444e+00,-1.331602254190986656e-01,0.000000000000000000e+00
6.360351466180322877e-01,-3.958418764717122507e+00,0.000000000000000000e+00
3.054665788630915202e+00,1.815902286917475905e+00,0.000000000000000000e+00
-1.536905640550202179e+00,-1.975852597696517776e+00,0.000000000000000000e+00
4.352910977559785621e+00,3.217985617477392424e-01,0.000000000000000000e+00
-7.938057689476464951e+00,5.485305932816921803e+00,0.000000000000000000e+00
4.011632269469902923e+00,-6.169771368627293029e+00,0.000000000000000000e+00
-5.749801722808094873e+00,8.232814416009128777e+00,0.000000000000000000e+00
3.125214143386282117e+00,-3.175049762751613880e-01,0.000000000000000000e+00
9.004641746689878712e-01,4.859805829263898147e+00,0.000000000000000000e+00
-1.137778530839528512e+00,-3.582490455276005292e+00,0.000000000000000000e+00
-5.966360354900809959e+00,6.848402136048533428e+00,0.000000000000000000e+00
-2.359374333581532479e+00,9.277187401379650700e-01,0.000000000000000000e+00
-4.639613299317836947e+00,-2.495459014606771664e+00,0.000000000000000000e+00
6.992992370446963868e+00,-2.330993890491025233e+00,0.000000000000000000e+00
6.139122106031644321e+00,-2.198022942766089116e+00,0.000000000000000000e+00
-4.563556948552395021e+00,-2.972445247118201905e+00,0.000000000000000000e+00
-3.350413791547026676e-01,-4.426301353345467149e+00,0.000000000000000000e+00
-5.449040405320618063e+00,4.175705339648349224e+00,0.000000000000000000e+00
2.211533937662276905e+00,-5.906169959977975559e+00,0.000000000000000000e+00
3.136192325665092540e+00,3.112676471883067286e+00,0.000000000000000000e+00
-8.141502707004732997e-02,-3.690159594680528343e+00,0.000000000000000000e+00
-1.518273817716138563e+00,-5.968135939995038441e+00,0.000000000000000000e+00
-5.389946685019524786e+00,4.768794656308283919e-01,0.000000000000000000e+00
-2.835490105506398795e+00,-2.834804189450707224e+00,0.000000000000000000e+00
1.360567989314740434e+00,-4.939394824044574861e+00,0.000000000000000000e+00
3.591107538999734672e+00,1.826095663252699453e+00,0.000000000000000000e+00
-3.979198891189461573e+00,5.586352598223007782e+00,0.000000000000000000e+00
6.696924579937536315e+00,-4.865097014005901777e+00,0.000000000000000000e+00
-6.600767217929998765e+00,1.381539882123478336e+00,0.000000000000000000e+00
-1.324650580769675567e+00,-2.889266138377964754e+00,0.000000000000000000e+00
2.106888798219879178e+00,-1.349960394989835777e+00,0.000000000000000000e+00
3.812994619024408838e+00,-1.059184040287031170e+00,0.000000000000000000e+00
4.268983097405629756e+00,3.162278519931872367e+00,0.000000000000000000e+00
-2.921964245428066764e+00,-3.073553214093893704e+00,0.000000000000000000e+00
5.764252468886055247e-01,3.019012478444942804e+00,0.000000000000000000e+00
-4.927293463638155124e+00,2.066421607814569406e+00,0.000000000000000000e+00
6.002278464078665721e+00,-2.404453000190069023e+00,0.000000000000000000e+00
-5.580721449829425751e+00,3.393051762094742241e+00,0.000000000000000000e+00
-3.679174213976290186e+00,2.270855392604590239e+00,0.000000000000000000e+00
-4.582844478725015769e+00,3.395843729803275313e+00,0.000000000000000000e+00
-9.340898655775085047e+00,6.636035326719747829e+00,0.000000000000000000e+00
-2.990351370156555610e+00,4.250982067373521467e+00,0.000000000000000000e+00
5.504126013167894627e+00,-7.255629531813987398e+00,0.000000000000000000e+00
7.441338302424540530e+00,-3.458957062416100570e+00,0.000000000000000000e+00
3.875019446930578759e+00,2.408924881214195679e+00,0.000000000000000000e+00
-8.322772789688682948e+00,4.262860880362746130e+00,0.000000000000000000e+00
-2.883064526773873482e+00,-2.804652726125064888e+00,0.000000000000000000e+00
5.839108290607585516e+00,9.837505497737466520e-01,0.000000000000000000e+00
-5.293245494374748894e+00,-3.739054664322778443e+00,0.000000000000000000e+00
-4.499291780814965946e+00,8.724331456314498467e+00,0.000000000000000000e+00
-1.037679736254879614e+01,5.954410268477125179e+00,0.000000000000000000e+00
-3.410497950328189809e+00,-2.851912383187853450e+00,0.000000000000000000e+00
-8.872404454560509635e+00,8.785136057479018490e+00,0.000000000000000000e+00
1.931281417515315901e-01,7.109883190624890048e+00,0.000000000000000000e+00
-7.485902625183792125e+00,1.514264641270234080e+00,0.000000000000000000e+00
-4.262679513792937414e-01,4.570708814111857698e+00,0.000000000000000000e+00
-5.766897949155808334e+00,6.558252585642263099e+00,0.000000000000000000e+00
9.639975362048211593e+00,-7.825777559340800771e+00,0.000000000000000000e+00
-3.433097022226245798e+00,4.966315158042121425e+00,0.000000000000000000e+00
-5.064560090418058103e+00,7.051050317452728144e+00,0.000000000000000000e+00
-7.750815439538763840e+00,5.392673554786664880e+00,0.000000000000000000e+00
7.371749002105966397e+00,-7.303220183006507327e+00,0.000000000000000000e+00
3.352061308559382447e+00,-5.440348191718951121e+00,0.000000000000000000e+00
7.798906284888591500e-01,-5.855810212416614924e+00,0.000000000000000000e+00
2.003559530558782331e+00,-7.380388802058853059e+00,0.000000000000000000e+00
-4.590748129650529918e+00,4.992718713554765486e+00,0.000000000000000000e+00
2.627529281056022015e+00,5.338525685747925742e+00,0.000000000000000000e+00
-3.514389553858808135e+00,2.904526766366358537e+00,0.000000000000000000e+00
5.049743878969890076e+00,-6.831132008179854331e-01,0.000000000000000000e+00
-8.469447518136870912e+00,6.398321970049439145e+00,0.000000000000000000e+00
5.651936914798868727e+00,1.242851016164695732e+00,0.000000000000000000e+00
-1.968008652381329160e+00,5.246494620886499760e+00,0.000000000000000000e+00
3.303965883739639509e+00,-3.956481180183069490e+00,0.000000000000000000e+00
3.623011616883864416e+00,-4.158984544187694254e+00,0.000000000000000000e+00
1.204200785447795408e+00,-5.936161768575011877e+00,0.000000000000000000e+00
6.145794451471182640e+00,-8.054122356514911374e+00,0.000000000000000000e+00
8.560393632562806943e+00,-8.817472106280499489e-01,0.000000000000000000e+00
-4.477718856130250558e+00,1.691615421741615055e+00,0.000000000000000000e+00
-7.441980236548952021e+00,2.408288485057188399e+00,0.000000000000000000e+00
4.764811760236494109e+00,-5.370843886185980409e+00,0.000000000000000000e+00
4.905962070741088255e+00,-4.185864973393496058e+00,0.000000000000000000e+00
-2.231728947016609954e+00,-1.295107692363318908e+00,0.000000000000000000e+00
4.509633190026784533e+00,-6.495305969706768323e+00,0.000000000000000000e+00
5.319218588585555629e+00,-5.792790451380519734e+00,0.000000000000000000e+00
4.914099882940904607e+00,-3.315899514483592991e+00,0.000000000000000000e+00
-2.769707001461859441e+00,-4.026210128717729653e+00,0.000000000000000000e+00
3.456829814150473190e+00,-5.092897094212381681e+00,0.000000000000000000e+00
8.568297332150416334e-01,2.001719437686984904e+00,0.000000000000000000e+00
7.674002615984629294e+00,-7.219242525974283176e+00,0.000000000000000000e+00
4.578025416477347065e+00,-8.391236714646375106e+00,0.000000000000000000e+00
1.652502564279201946e+00,4.077251517747885856e+00,0.000000000000000000e+00
1.424248097449971162e+00,-7.193993412519270159e+00,0.000000000000000000e+00
5.004696217062261532e+00,-4.830435018411395554e+00,0.000000000000000000e+00
2.802323353045481635e+00,1.113802506223696476e+00,0.000000000000000000e+00
5.419379754318348397e+00,-3.675754553817244918e+00,0.000000000000000000e+00
-2.138789847664060773e+00,7.872190715313424292e+00,0.000000000000000000e+00
-4.670936195746241637e+00,9.204930512311138457e+00,0.000000000000000000e+00
1.240365437772180890e+00,4.749108943935642202e+00,0.000000000000000000e+00
-2.487871852271902107e+00,4.825425258371607740e+00,0.000000000000000000e+00
3.792625495403799896e+00,-6.547727387634238561e+00,0.000000000000000000e+00
3.108167341359726610e+00,4.144675198476571509e+00,0.000000000000000000e+00
-7.343657672641073830e+00,3.946041403454976670e+00,0.000000000000000000e+00
-2.669580819653994741e+00,7.285686947431521787e+00,0.000000000000000000e+00
-3.957321274015609625e+00,6.449626801591771930e+00,0.000000000000000000e+00
-2.528946468337797349e+00,-4.152236373059178476e+00,0.000000000000000000e+00
1.485709531489564972e+00,4.473263625974419178e+00,0.000000000000000000e+00
-9.570959747276367224e+00,6.369409016849414407e+00,0.000000000000000000e+00
-7.067484124811860724e+00,5.594559078101426053e+00,0.000000000000000000e+00
-6.130719046299195618e+00,-2.073372342734924878e+00,0.000000000000000000e+00
-3.994868192376427984e+00,-1.640882306382581701e+00,0.000000000000000000e+00
-4.840389334223669238e+00,6.203599289845906029e+00,0.000000000000000000e+00
7.064743929537489642e+00,-4.196401781888300597e+00,0.000000000000000000e+00
-2.797668525206776557e+00,-3.334831372539546201e+00,0.000000000000000000e+00
3.134799651493453521e+00,-3.851404158728764404e+00,0.000000000000000000e+00
-2.754063562145854682e+00,8.085437867642208953e-01,0.000000000000000000e+00
-4.969593735968876658e+00,9.561510289683861075e-02,0.000000000000000000e+00
-6.468968713996070541e-01,-2.746379232435128159e+00,0.000000000000000000e+00
-3.732368370517647804e+00,4.036602403634077518e+00,0.000000000000000000e+00
2.143533896004038208e+00,3.696799003639818171e+00,0.000000000000000000e+00
9.637379544758747585e+00,-6.004425691718649816e+00,0.000000000000000000e+00
4.729495391460570630e+00,-5.156892747573389002e+00,0.000000000000000000e+00
-3.315688085454297163e+00,-9.256610986298432486e-01,0.000000000000000000e+00
-8.887992681582905785e-01,-4.880941374479916384e+00,0.000000000000000000e+00
-2.067110061267882770e-01,5.520190502258581766e+00,0.000000000000000000e+00
6.869320236726397688e+00,-3.852160258891040634e+00,0.000000000000000000e+00
1.913324350540633212e+00,-6.687024986408346416e-01,0.000000000000000000e+00
3.990308084628797491e-01,-2.029353929198392414e+00,0.000000000000000000e+00
-1.304048629753751243e-03,-5.457037846228717903e+00,0.000000000000000000e+00
-4.706619209579340435e+00,-1.750534480739065479e-01,0.000000000000000000e+00
-1.769715651882772578e+00,3.394198232889693578e+00,0.000000000000000000e+00
8.854151677626516559e+00,-7.054120657032227015e+00,0.000000000000000000e+00
-6.779958032169711046e+00,5.893145352888106814e+00,0.000000000000000000e+00
5.460965599096335055e+00,-3.830921228160654390e+00,0.000000000000000000e+00
-7.282208340957645021e+00,6.426953174098861687e-01,0.000000000000000000e+00
-2.414184220734427733e+00,1.484719046927518438e-01,0.000000000000000000e+00
-9.171213201157697448e-01,4.542170806708960007e-01,0.000000000000000000e+00
6.384359750962218527e+00,-1.002888248552892048e+00,0.000000000000000000e+00
-3.288041032233760763e+00,-3.202155364271919158e+00,0.000000000000000000e+00
6.146020034499300344e+00,6.490741301037621369e-01,0.000000000000000000e+00
-8.089039685572425142e+00,7.641295340455592111e+00,0.000000000000000000e+00
5.760549180536300717e+00,-1.221788287078338087e-01,0.000000000000000000e+00
3.967303664524465923e+00,1.027021477866863153e+00,0.000000000000000000e+00
-9.021207150155597931e-01,2.322094020670217862e+00,0.000000000000000000e+00
7.419357069144346006e+00,9.123988803488947141e-01,0.000000000000000000e+00
-2.604627537067156329e+00,-2.917431623776287619e+00,0.000000000000000000e+00
6.193473094352516917e+00,-3.996397114804429940e+00,0.000000000000000000e+00
4.870176670573542754e-01,-2.629030700031514733e+00,0.000000000000000000e+00
-1.754894916659714754e+00,-3.292074950060202454e+00,0.000000000000000000e+00
-2.861169669656792536e+00,-2.505849551591889934e-01,0.000000000000000000e+00
-5.650481705048083114e+00,6.689734541089796593e+00,0.000000000000000000e+00
4.596372580650974982e+00,1.882636219246095255e+00,0.000000000000000000e+00
-7.184804466395449118e-01,7.038883174855351754e+00,0.000000000000000000e+00
-2.838001058544376232e+00,7.702275517918250713e+00,0.000000000000000000e+00
5.595474832533369636e+00,1.188112182714094356e+00,0.000000000000000000e+00
2.658918762496123467e+00,-2.434355659944647865e+00,0.000000000000000000e+00
-5.332331569355255318e+00,2.869907166284517253e+00,0.000000000000000000e+00
5.339838519251317805e+00,-2.648688814728302088e+00,0.000000000000000000e+00
-5.747108498277920141e+00,8.128966307620810738e-01,0.000000000000000000e+00
-4.240943154711542817e+00,-2.156044712552233289e+00,0.000000000000000000e+00
-3.848202689845882318e+00,-2.243988046447626061e+00,0.000000000000000000e+00
-2.489557049948383671e+00,-2.603918941983744517e+00,0.000000000000000000e+00
-8.401901350977070138e-02,4.438807809388281456e+00,0.000000000000000000e+00
3.985183361862752793e+00,-7.196896811148414841e+00,0.000000000000000000e+00
5.815606711966825770e+00,2.174785376444415164e+00,0.000000000000000000e+00
6.864776352886520883e+00,-9.925661410410475227e+00,0.000000000000000000e+00
-6.602521223813786477e+00,9.854158955418549581e+00,0.000000000000000000e+00
3.053453893402643393e-01,1.413143712979838096e+00,0.000000000000000000e+00
4.181818587800604448e+00,-1.601282014659590525e+00,0.000000000000000000e+00
-5.881877870248968243e+00,2.671226460264284341e-01,0.000000000000000000e+00
5.502095105822683685e+00,-5.818358457924513338e+00,0.000000000000000000e+00
9.901614992611696975e-01,2.949241491037900786e+00,0.000000000000000000e+00
3.100921643978681530e+00,2.424380027708828322e+00,0.000000000000000000e+00
-6.733868149700315442e+00,3.880128496100820445e+00,0.000000000000000000e+00
-6.974288051808740008e+00,7.607835093454184516e+00,0.000000000000000000e+00
-4.418618504267234570e+00,-2.532250155623079202e-01,0.000000000000000000e+00
-6.139466913693183869e+00,3.678772437786639316e+00,0.000000000000000000e+00
3.631919844636353645e+00,-5.662685172170380810e-01,0.000000000000000000e+00
2.972484571543729359e+00,-6.353605565806500266e+00,0.000000000000000000e+00
1.992439281781503091e+00,-6.317441735923213564e+00,0.000000000000000000e+00
6.029732826393981782e+00,-7.974632055839798284e+00,0.000000000000000000e+00
-1.174705519882588423e+00,5.783371168678250740e+00,0.000000000000000000e+00
-4.094096275855497069e+00,7.359700014225241560e+00,0.000000000000000000e+00
-3.884276818767931516e+00,6.668081695679742182e+00,0.000000000000000000e+00
3.901853543447420414e+00,-6.867427441470506544e+00,0.000000000000000000e+00
7.461775259723845366e+00,-6.261546652881411212e-01,0.000000000000000000e+00
3.286737296955489995e+00,3.484664865742396422e+00,0.000000000000000000e+00
-4.226377198728450857e+00,6.439929680713427196e+00,0.000000000000000000e+00
-6.541462247612602532e+00,-1.455984242131083128e+00,0.000000000000000000e+00
5.314224334401776773e+00,-1.932978055613469248e+00,0.000000000000000000e+00
5.559488560412969349e+00,-4.040393943733199933e+00,0.000000000000000000e+00
-1.210546912776631956e+00,1.149076163355355895e+00,0.000000000000000000e+00
-5.268831375507606829e+00,8.102591224594748454e-01,0.000000000000000000e+00
4.106315876284498678e+00,-7.808874915608615019e+00,0.000000000000000000e+00
6.482450532448742031e+00,-6.676343277168501622e+00,0.000000000000000000e+00
-1.118978996375262103e+00,-5.962289059466792551e+00,0.000000000000000000e+00
-3.073808920815331192e+00,2.094951729243595295e+00,0.000000000000000000e+00
4.374405446577935841e+00,2.047690977861291728e+00,0.000000000000000000e+00
-1.748428357995281290e+00,4.065944139621472608e+00,0.000000000000000000e+00
-1.412489574697420425e+00,-3.902448959880537416e+00,0.000000000000000000e+00
-2.168264719976042976e-01,-4.286114010409193043e+00,0.000000000000000000e+00
-1.205999683407875889e+00,7.355690449883978133e+00,0.000000000000000000e+00
-4.585793364384092463e+00,-1.580648528834720734e+00,0.000000000000000000e+00
2.461570350974836785e+00,-5.668734033976349451e+00,0.000000000000000000e+00
3.617083150563292548e+00,-5.318121074035509821e+00,0.000000000000000000e+00
3.451226423564865531e+00,5.942053103394240310e-03,0.000000000000000000e+00
-3.408820816248030461e-01,7.285843788892572448e+00,0.000000000000000000e+00
-2.631852574997794569e+00,-3.858022063283131686e+00,0.000000000000000000e+00
-1.791810435710935234e+00,7.465000007729239329e+00,0.000000000000000000e+00
3.744735883638822926e+00,-1.609477941631298314e+00,0.000000000000000000e+00
-4.574386158243791023e+00,1.286813398966857980e+00,0.000000000000000000e+00
-2.092266337005506571e+00,-1.965119746160562064e+00,0.000000000000000000e+00
-5.669632243271577110e+00,1.693381583649322675e+00,0.000000000000000000e+00
6.197081719379159637e+00,-5.403892544007881327e+00,0.000000000000000000e+00
4.297950293365707886e+00,-2.268244227758389187e-01,0.000000000000000000e+00
-2.023149691661331850e+00,6.012932700251819362e+00,0.000000000000000000e+00
5.295432371111256309e+00,-3.044248699383170553e+00,0.000000000000000000e+00
5.810095222798531189e+00,-6.309830179873528344e+00,0.000000000000000000e+00
-1.992917106835436769e+00,4.972917131009737091e+00,0.000000000000000000e+00
6.063477003282667255e+00,-4.055302964064752658e+00,0.000000000000000000e+00
1.126696873129735366e+01,-5.977237188672827273e+00,0.000000000000000000e+00
-1.622652417214600629e+00,-5.203550976880597645e+00,0.000000000000000000e+00
4.377216770124701117e-01,-4.178080350058912984e+00,0.000000000000000000e+00
-8.155979178903307591e-01,6.892968984504745933e+00,0.000000000000000000e+00
5.944179977535588577e+00,-3.617005093877489141e+00,0.000000000000000000e+00
6.082007256907226100e+00,-1.761174747296934129e+00,0.000000000000000000e+00
4.064643230332713131e+00,-4.407388224373738339e+00,0.000000000000000000e+00
2.141672117143563536e+00,-3.492546632498962911e+00,0.000000000000000000e+00
8.932233866228747488e+00,-4.050928232140812213e+00,0.000000000000000000e+00
-6.665233615648747723e+00,3.560212655484172650e+00,0.000000000000000000e+00
-2.343647962113915462e+00,3.574641084189442708e+00,0.000000000000000000e+00
5.391617133879925916e+00,-4.569435645551784830e+00,0.000000000000000000e+00
-3.118321417906842363e+00,5.516400230682036998e+00,0.000000000000000000e+00
1.313272094154195546e+00,3.563514415405861779e+00,0.000000000000000000e+00
-2.947870051314453121e+00,6.090692102252159401e+00,0.000000000000000000e+00
4.983007834083421628e+00,-2.842553462425332356e+00,0.000000000000000000e+00
2.159330511012933052e+00,-7.687106181293533957e+00,0.000000000000000000e+00
1.741922649506767007e+00,4.443639803517140940e+00,0.000000000000000000e+00
-5.005846770194634310e+00,3.140470611989412131e+00,0.000000000000000000e+00
-2.341372764527215100e+00,4.731793195461870383e+00,0.000000000000000000e+00
-3.574092413209709829e+00,-2.178767602246418189e+00,0.000000000000000000e+00
-1.833300896593566431e+00,-3.702138903852013829e+00,0.000000000000000000e+00
-7.056091446973158376e-01,-3.690535039589335486e+00,0.000000000000000000e+00
7.366039201024607408e+00,-7.648711521589296680e+00,0.000000000000000000e+00
1.559233548307374262e+00,-9.940697144993750900e-01,0.000000000000000000e+00
3.727773466462999785e+00,-2.283850052853288126e+00,0.000000000000000000e+00
-5.422266017309864683e-01,3.171019989956566754e+00,0.000000000000000000e+00
8.410955675686913935e+00,-8.223924140190305820e+00,0.000000000000000000e+00
-2.581320063016725452e+00,-1.696872124861390052e+00,0.000000000000000000e+00
-3.269084215402547233e+00,-4.141783560461674618e+00,0.000000000000000000e+00
3.433825563589391727e+00,-6.720994448898488294e+00,0.000000000000000000e+00
-8.044412478803833366e+00,4.780725571222513182e+00,0.000000000000000000e+00
-7.645559170004615268e+00,6.265551600151205491e+00,0.000000000000000000e+00
9.189243787413321485e-01,-1.098007198072912693e+00,0.000000000000000000e+00
8.347216381460095036e+00,-8.518092838060587368e+00,0.000000000000000000e+00
-1.196309965231592720e+00,-4.286378650849619554e+00,0.000000000000000000e+00
1.506083316478895595e+00,1.432903459728205542e+00,0.000000000000000000e+00
5.504725628988552444e+00,-3.706282323471270512e+00,0.000000000000000000e+00
-6.768100110282742055e-01,3.045019683533753074e+00,0.000000000000000000e+00
-7.550169178810545390e+00,1.991730572685257883e+00,0.000000000000000000e+00
-1.194772049992637308e+00,-1.664885327473199839e+00,0.000000000000000000e+00
5.082125189725574366e+00,-4.721551754018164182e+00,0.000000000000000000e+00
-7.887044384443413492e+00,6.609530894197598982e+00,0.000000000000000000e+00
-4.842029561606450372e+00,1.290414670330171099e-01,0.000000000000000000e+00
1.553871416951485784e+00,3.329448049446488866e+00,0.000000000000000000e+00
-4.807089558912071681e+00,2.647859726035341144e+00,0.000000000000000000e+00
-5.669073040148925990e+00,2.486600004601087655e+00,0.000000000000000000e+00
-1.191791120627621048e-01,-5.632569612227316114e+00,0.000000000000000000e+00
-6.959217503678948979e+00,5.332082941996158176e+00,0.000000000000000000e+00
-3.789452533561314063e+00,5.871266798375096574e-01,0.000000000000000000e+00
-4.004323956657947825e+00,-7.328886955254689806e-01,0.000000000000000000e+00
2.370175977373013332e+00,-4.903129946744239298e+00,0.000000000000000000e+00
-3.412692377127365617e+00,7.499664929573448546e+00,0.000000000000000000e+00
4.140142651762113157e-01,4.148697094035183497e+00,0.000000000000000000e+00
-2.429178555958481311e+00,4.084117925123808668e+00,0.000000000000000000e+00
5.871174424117096891e+00,-3.355004889258128564e-01,0.000000000000000000e+00
-4.457590844722570722e+00,-7.431857824713890004e-01,0.000000000000000000e+00
7.866654296864894480e-01,1.561454676450181767e+00,0.000000000000000000e+00
-7.721836400418841784e+00,4.553136245603465859e+00,0.000000000000000000e+00
2.379473900858193769e+00,-4.842517263126060456e+00,0.000000000000000000e+00
-5.327980715382038213e+00,1.424772647432962724e+00,0.000000000000000000e+00
-5.541607043866743965e+00,8.259034719972133232e+00,0.000000000000000000e+00
4.743912608963283262e+00,9.706935032669123942e-01,0.000000000000000000e+00
3.762616266167096768e+00,-2.239177382750121126e+00,0.000000000000000000e+00
-1.262616210684956997e-01,3.107792014216883114e+00,0.000000000000000000e+00
-1.209891809030243959e+00,7.239560151447845371e+00,0.000000000000000000e+00
6.199837771518610374e+00,-4.730137878996798939e+00,0.000000000000000000e+00
-7.493050586938344360e+00,7.826728570549154718e+00,0.000000000000000000e+00
5.681939649527569358e+00,-4.157432474540978973e+00,0.000000000000000000e+00
-1.491026828900308798e+00,-1.972886858562031831e+00,0.000000000000000000e+00
-4.696239814449125305e+00,2.071488073838077870e+00,0.000000000000000000e+00
8.352709014504366536e+00,-8.794226579204035943e+00,0.000000000000000000e+00
4.463615278110710349e+00,-1.484610881083331613e+00,0.000000000000000000e+00
-5.163684854174371175e+00,7.399032376832162861e+00,0.000000000000000000e+00
-2.676357409450057734e+00,7.584627931283911551e+00,0.000000000000000000e+00
1.867748277735858053e+00,-4.807377847262943149e+00,0.000000000000000000e+00
1.918126084833460254e-01,5.579152029037839355e+00,0.000000000000000000e+00
-4.215090784658689138e+00,3.712195114843622967e+00,0.000000000000000000e+00
1.803284344495960090e+00,-5.407983062508984418e+00,0.000000000000000000e+00
2.180941055502684023e+00,-5.171790804682590448e+00,0.000000000000000000e+00
5.034043957221429721e+00,-4.347702820767537446e+00,0.000000000000000000e+00
1.200230410584969265e+00,4.951949919265713262e+00,0.000000000000000000e+00
-3.772316167764826922e+00,6.025707771638068699e+00,0.000000000000000000e+00
5.328390907918519659e+00,-4.961378295875132238e+00,0.000000000000000000e+00
7.239676153845256756e+00,-6.526726509331827408e+00,0.000000000000000000e+00
5.829863896311699989e+00,-7.862944032375791537e+00,0.000000000000000000e+00
-1.693776497057866370e+00,4.873676782192728041e+00,0.000000000000000000e+00
-2.389959877144567812e+00,-2.366200829512910886e+00,0.000000000000000000e+00
-2.191740693248890537e+00,7.431637630718476828e+00,0.000000000000000000e+00
7.915732784727095073e+00,-6.634609197459432117e+00,0.000000000000000000e+00
-2.941668279423118371e+00,-3.997620551005082845e+00,0.000000000000000000e+00
3.057837872942545943e+00,-5.588880863819886358e+00,0.000000000000000000e+00
-1.069444976718004092e+00,-3.112254158733234632e+00,0.000000000000000000e+00
2.614195757645736862e+00,6.022207920089662991e+00,0.000000000000000000e+00
-6.517699793937825170e+00,6.177906239038889247e+00,0.000000000000000000e+00
1.639703427244182832e+00,-4.337109336299729279e+00,0.000000000000000000e+00
-5.740153909891049899e+00,1.151936171082684979e+00,0.000000000000000000e+00
-4.526069348595653352e+00,5.144199696810531464e+00,0.000000000000000000e+00
-5.752409074133305822e+00,2.817565239699046487e+00,0.000000000000000000e+00
-1.067089210188404991e+01,6.923160679119958694e+00,0.000000000000000000e+00
-5.415385527188485426e+00,7.964054163608378367e-01,0.000000000000000000e+00
-2.768360222444982810e+00,2.058590782811480224e+00,0.000000000000000000e+00
-6.571892008746457847e+00,4.464884287235188154e+00,0.000000000000000000e+00
2.373460647324682427e+00,-5.879110931311291921e+00,0.000000000000000000e+00
-1.981272292737515039e+00,-3.762667675373013942e+00,0.000000000000000000e+00
-7.916009667691962903e+00,4.220342640028166059e+00,0.000000000000000000e+00
6.858344475318592925e-01,2.491324185437290062e+00,0.000000000000000000e+00
3.037107496014112673e+00,-1.830755911144611670e+00,0.000000000000000000e+00
-3.204688063908342599e+00,-4.790690551852550882e+00,0.000000000000000000e+00
-5.042656415412298365e+00,3.780311762754759108e+00,0.000000000000000000e+00
-3.701086603681916110e+00,5.558044459306155538e+00,0.000000000000000000e+00
5.383260716622182862e+00,-3.344985639166084823e-01,0.000000000000000000e+00
2.693063580938521273e+00,-5.565237810308850896e+00,0.000000000000000000e+00
6.478578967446713577e+00,-4.502119695282875256e+00,0.000000000000000000e+00
-8.522230814721726944e+00,1.424653069212919121e+00,0.000000000000000000e+00
-2.185469759753226437e+00,-4.618260521402621777e+00,0.000000000000000000e+00
-6.664700533060107901e+00,4.196099949453824252e+00,0.000000000000000000e+00
-6.335162813034099116e+00,1.984080112970513010e+00,0.000000000000000000e+00
5.708296983149407922e-01,-5.454366735423729295e+00,0.000000000000000000e+00
2.519390907647056199e+00,3.499341953604345523e+00,0.000000000000000000e+00
-5.341166209929067321e+00,7.008162987331273186e+00,0.000000000000000000e+00
-4.259959029552929266e+00,-7.782985825156185644e-01,0.000000000000000000e+00
5.479215710261911454e+00,-9.931687796079989639e+00,0.000000000000000000e+00
7.103212090393580702e+00,-7.326566410815600783e+00,0.000000000000000000e+00
3.716499217328073534e+00,-5.673015914584989439e+00,0.000000000000000000e+00
-4.827625039516645344e+00,9.347429651558970320e+00,0.000000000000000000e+00
-2.405548485535486947e+00,-5.673078075728712477e+00,0.000000000000000000e+00
5.783534264008959980e+00,-7.117087616932343153e+00,0.000000000000000000e+00
-6.996427686347817421e+00,7.903548991327512319e+00,0.000000000000000000e+00
3.986522522698611182e-01,-1.282642553692307175e+00,0.000000000000000000e+00
7.094035463862378155e-01,-3.663581515986325421e+00,0.000000000000000000e+00
-1.979598413521132416e+00,-1.205408724642133000e+00,0.000000000000000000e+00
-1.182419901473533486e+00,6.132854855502128721e+00,0.000000000000000000e+00
-1.122240466816041060e+00,5.642277110238747895e+00,0.000000000000000000e+00
7.335218308949146504e+00,-2.058446816388759704e+00,0.000000000000000000e+00
-5.313840105433815353e+00,2.391179277695394401e+00,0.000000000000000000e+00
1.304480044086173685e+00,2.825308351866414824e+00,0.000000000000000000e+00
7.592091520598875931e-02,3.918385675336427898e+00,0.000000000000000000e+00
3.873901936641666044e+00,-8.856925231468746773e+00,0.000000000000000000e+00
3.826404144950533492e+00,-6.852610286118100191e+00,0.000000000000000000e+00
3.794572091858473328e+00,3.706844923051247243e+00,0.000000000000000000e+00
5.163021712849016787e+00,-4.127305959979399752e+00,0.000000000000000000e+00
1.902933194804615535e+00,-5.648824351156280343e+00,0.000000000000000000e+00
-4.622065052110651884e+00,5.808695969262541503e+00,0.000000000000000000e+00
-8.814665643662094041e-01,-3.171472835948702773e+00,0.000000000000000000e+00
-3.382140982937940077e-01,-3.942071544424106122e+00,0.000000000000000000e+00
7.676187074013023803e+00,-1.013513815903201110e+00,0.000000000000000000e+00
1.338472979726463841e+00,-5.761837563210057134e+00,0.000000000000000000e+00
4.661334126547214574e+00,-8.033202988271959555e+00,0.000000000000000000e+00
-5.012283074581320719e+00,3.874784455340313016e+00,0.000000000000000000e+00
3.959457569527249809e+00,1.593965303548670720e+00,0.000000000000000000e+00
5.628354193922942450e+00,1.486190289370720841e+00,0.000000000000000000e+00
5.662959288234836741e+00,-4.729707368281604651e+00,0.000000000000000000e+00
-5.197799047444052079e+00,-6.658453983780932006e-02,0.000000000000000000e+00
-2.537466689371254525e+00,7.487277180877641491e+00,0.000000000000000000e+00
2.717665045236326016e-01,-8.219753650342251916e+00,0.000000000000000000e+00
-1.675697302856798965e+00,-2.260843472925754938e+00,0.000000000000000000e+00
-3.108062342508675080e-01,6.468476740579474082e+00,0.000000000000000000e+00
2.730894978100049109e-01,4.839117864687636938e+00,0.000000000000000000e+00
-2.633664367675320861e+00,5.010769041138905422e+00,0.000000000000000000e+00
-5.238916527610065543e+00,2.945158176715256815e+00,0.000000000000000000e+00
-4.043861457885370214e+00,6.834642689427128381e-01,0.000000000000000000e+00
3.928295207039704362e+00,-7.689213799285125717e+00,0.000000000000000000e+00
4.911539499202616454e+00,-4.275401566757565774e+00,0.000000000000000000e+00
1.496813056077803683e+00,-3.138833652544855024e+00,0.000000000000000000e+00
-2.659584084855108443e+00,4.727054642929080508e+00,0.000000000000000000e+00
-5.230528895488867569e+00,8.600265788233182107e+00,0.000000000000000000e+00
2.788665730103192963e+00,4.553513639004636460e+00,0.000000000000000000e+00
2.671544081077046329e+00,7.871536237189863394e-01,0.000000000000000000e+00
5.067449894898587992e-01,-2.872953107831565767e+00,0.000000000000000000e+00
7.507915052184290783e-01,1.258318674554001371e+00,0.000000000000000000e+00
-4.672013652316850063e+00,7.788512601966549376e+00,0.000000000000000000e+00
4.033746051207194760e+00,-5.737871251727422184e+00,0.000000000000000000e+00
4.207598279994700263e+00,1.507630417770445153e+00,0.000000000000000000e+00
-6.054310258481465645e-01,-5.992117147544501421e+00,0.000000000000000000e+00
3.731679155152363148e+00,3.472220941959948792e+00,0.000000000000000000e+00
-6.592009680296125218e+00,5.834876930052614874e+00,0.000000000000000000e+00
2.828977315552710259e+00,4.311452770319020189e+00,0.000000000000000000e+00
8.564969946882992957e+00,-2.088224258915905462e+00,0.000000000000000000e+00
-6.056724449014504685e+00,1.888880360588312879e+00,0.000000000000000000e+00
2.992670951732369744e+00,-5.609914544186326069e+00,0.000000000000000000e+00
6.012317682917764472e+00,-6.914547475124739329e-01,0.000000000000000000e+00
9.906786276410548542e-01,-3.843634666076478190e+00,0.000000000000000000e+00
3.751736545568946646e-01,3.710860601866857511e+00,0.000000000000000000e+00
1.889465943864688580e+00,2.639807778036714847e+00,0.000000000000000000e+00
-4.830760864596289395e+00,6.767950092110996962e+00,0.000000000000000000e+00
8.528805369560430449e-01,3.185577456985022593e+00,0.000000000000000000e+00
-1.044322554432004946e+00,6.295459948345147438e+00,0.000000000000000000e+00
1.206951999391658248e+01,-7.542596607574375334e+00,0.000000000000000000e+00
5.432961719275875012e-03,3.897872458626896908e+00,0.000000000000000000e+00
5.848799105371956131e+00,-1.566889750248412039e+00,0.000000000000000000e+00
5.667889100838872096e+00,-2.083504704717228151e+00,0.000000000000000000e+00
6.720041476973615424e+00,-6.948586063271235069e+00,0.000000000000000000e+00
4.230213177597130780e-01,5.165347500322766905e+00,0.000000000000000000e+00
4.223710217536133626e+00,-1.549110527168584328e+00,0.000000000000000000e+00
4.925436351415735103e+00,-8.404183203899499688e+00,0.000000000000000000e+00
-1.475119354574330188e-01,-5.555240473121673794e+00,0.000000000000000000e+00
4.978941037562200300e+00,3.603849442263720171e+00,0.000000000000000000e+00
-7.610642174733323273e+00,1.895688693254935941e+00,0.000000000000000000e+00
-3.238139878568121244e+00,-1.681003021398467911e+00,0.000000000000000000e+00
7.206121981768124130e+00,-2.249661566144213865e+00,0.000000000000000000e+00
-2.722367069677599893e+00,4.742313547547156283e+00,0.000000000000000000e+00
9.360510830398844462e+00,-7.770669094982864955e+00,0.000000000000000000e+00
-6.431679382613005203e+00,1.573902426502495455e+00,0.000000000000000000e+00
-9.893378020044953924e-01,-4.775019264572086364e+00,0.000000000000000000e+00
2.917113165870077296e+00,-8.663086780232440276e+00,0.000000000000000000e+00
-1.655605924467817847e+00,-5.774275225855021176e+00,0.000000000000000000e+00
-4.376786232235525986e+00,-1.843024307924645555e-02,0.000000000000000000e+00
-4.428193202196371026e+00,4.526855563550507888e+00,0.000000000000000000e+00
6.281323382399052413e+00,-2.609816475582513284e+00,0.000000000000000000e+00
2.311203397144452332e+00,-6.134149462089836469e+00,0.000000000000000000e+00
-7.712997454051602197e-01,-5.632962660431783064e+00,0.000000000000000000e+00
-2.368585799458031715e+00,-2.791035382166081824e+00,0.000000000000000000e+00
2.011267349409973093e+00,2.536854065217682752e+00,0.000000000000000000e+00
1.698955607430610026e+00,-5.740576490422069966e+00,0.000000000000000000e+00
6.574431535210807809e+00,-4.715497732461717106e+00,0.000000000000000000e+00
3.473324143851238333e+00,2.720226622836428021e+00,0.000000000000000000e+00
-3.782457355023452372e+00,8.020571482332790936e+00,0.000000000000000000e+00
1.404168965253211887e-01,6.745348450970672260e+00,0.000000000000000000e+00
-3.930186808334767967e+00,5.949863794825898999e+00,0.000000000000000000e+00
-3.791461815479228559e+00,4.806713380281276926e+00,0.000000000000000000e+00
2.742927355831243030e+00,-8.206487688912250889e+00,0.000000000000000000e+00
-9.523716686873953563e+00,7.285826695823224952e+00,0.000000000000000000e+00
2.047698828160451345e+00,3.525899026508876322e+00,0.000000000000000000e+00
1.016618374371705613e+01,-2.096985831630495234e+00,0.000000000000000000e+00
-2.677228376755785177e+00,-3.325725196229146086e+00,0.000000000000000000e+00
1.916165588115953833e+00,3.948443636935802914e+00,0.000000000000000000e+00
-5.642983046963101046e+00,3.568749673499796771e+00,0.000000000000000000e+00
-6.444325817186302707e+00,2.830453402667299834e+00,0.000000000000000000e+00
-3.038058072000860976e-01,-1.538117239161864269e+00,0.000000000000000000e+00
-6.018393019132046717e+00,2.549011468244457568e-01,0.000000000000000000e+00
8.433164480001336116e+00,-3.439243459304491157e+00,0.000000000000000000e+00
6.061526683380042968e-01,-6.382448641832441538e+00,0.000000000000000000e+00
-6.880033286020382555e+00,5.678662741320347429e+00,0.000000000000000000e+00
2.715382138213499275e+00,-2.809520273555648373e+00,0.000000000000000000e+00
4.063023950633660952e+00,1.170746712224341124e+00,0.000000000000000000e+00
-3.233914958813923768e-01,-4.548663433799248423e+00,0.000000000000000000e+00
1.070174977049143772e+00,-1.769046171094503572e+00,0.000000000000000000e+00
-8.110122949217712929e+00,5.206270265674129760e+00,0.000000000000000000e+00
-2.983229815759735892e-01,-4.906481907132294040e+00,0.000000000000000000e+00
-6.661372862692303443e+00,9.002936143493036170e+00,0.000000000000000000e+00
1.405898178936131115e+00,3.610854797364582147e+00,0.000000000000000000e+00
-1.631798006345573482e+00,-1.460149883497686263e+00,0.000000000000000000e+00
8.895618649444809733e+00,-1.438992901459956730e+00,0.000000000000000000e+00
-1.682975770027583140e+00,2.315823740273692533e+00,0.000000000000000000e+00
5.752785978055651839e+00,-7.024052414287700330e+00,0.000000000000000000e+00
-5.216314309142322525e-01,-3.769201937851827999e+00,0.000000000000000000e+00
6.965210431540760361e-01,6.413638950813918882e+00,0.000000000000000000e+00
-2.887339345245457878e+00,-4.520411300019673284e+00,0.000000000000000000e+00
6.833987219366016497e+00,-3.706141901982815234e+00,0.000000000000000000e+00
-1.204184414131114211e+00,-4.447082117061997408e+00,0.000000000000000000e+00
-9.875580268597989431e+00,3.856590327497658510e+00,0.000000000000000000e+00
-5.266542671603816395e+00,3.776386620004877681e+00,0.000000000000000000e+00
-6.579918780504482534e+00,2.260340744195979745e+00,0.000000000000000000e+00
-5.451479311920776283e+00,4.477019873592094079e-01,0.000000000000000000e+00
7.357221498245238855e+00,-6.116975673835521654e+00,0.000000000000000000e+00
2.542564737433992583e+00,2.006999659555082083e+00,0.000000000000000000e+00
-6.591596531308423046e+00,4.477387261684987685e+00,0.000000000000000000e+00
7.106626628640971832e-02,2.069005220892891628e-01,0.000000000000000000e+00
3.105468539990522636e+00,-4.067874968054772111e+00,0.000000000000000000e+00
-2.182258801643197188e+00,8.120349186591168333e+00,0.000000000000000000e+00
5.269751985065728839e+00,-8.169250746415432474e+00,0.000000000000000000e+00
-2.333542258181295459e+00,3.924018430497213217e+00,0.000000000000000000e+00
-5.786072371951185289e+00,3.244282936721750943e+00,0.000000000000000000e+00
-5.539135534306052655e+00,5.135235305029245190e+00,0.000000000000000000e+00
-1.076523698848618871e+00,-5.361359902576185554e+00,0.000000000000000000e+00
6.734261765758484675e-01,2.913857671245678738e+00,0.000000000000000000e+00
-3.236713704422222282e+00,-1.457570837327023749e+00,0.000000000000000000e+00
-1.039382717097032671e+00,-1.155471375169434101e+00,0.000000000000000000e+00
-3.501141867836149224e+00,6.207175023857401719e+00,0.000000000000000000e+00
-4.775992982239916085e-01,-3.256833058907129264e+00,0.000000000000000000e+00
-6.495763700038518884e+00,-1.276717968377754531e+00,0.000000000000000000e+00
5.047577957595597908e+00,-1.929984838922694346e+00,0.000000000000000000e+00
-1.695237297454357472e+00,3.871275395968118538e+00,0.000000000000000000e+00
-7.327919732137733178e-01,-1.129499782873873759e+00,0.000000000000000000e+00
2.641287878812976331e+00,-7.822855568014205119e+00,0.000000000000000000e+00
-6.520804131062689635e+00,9.315171936541625897e+00,0.000000000000000000e+00
8.139273614697102310e-01,5.937093672583639403e+00,0.000000000000000000e+00
-7.576758163454229589e+00,6.023695657295126793e+00,0.000000000000000000e+00
-2.373319867667064820e+00,5.426956423158737053e+00,0.000000000000000000e+00
-4.322858721350724132e+00,3.557211651615161063e+00,0.000000000000000000e+00
-5.887131858995276801e+00,3.999513259565844248e+00,0.000000000000000000e+00
-4.251329223857092998e+00,2.678337113509010159e+00,0.000000000000000000e+00
3.426570586937932372e+00,2.786255076931582142e+00,0.000000000000000000e+00
-6.649229128822328194e-01,-1.590724756151040253e+00,0.000000000000000000e+00
4.885229954546173481e+00,3.407711068706217539e+00,0.000000000000000000e+00
3.164584805644744314e+00,-5.673602908646182108e+00,0.000000000000000000e+00
-4.116130702949988063e+00,1.332686938306425484e+00,0.000000000000000000e+00
-2.207195762053936861e+00,-2.973305496904619538e+00,0.000000000000000000e+00
5.876610374245575308e+00,-6.263112901269678012e+00,0.000000000000000000e+00
4.763625696787832986e+00,-3.769466946883981429e+00,0.000000000000000000e+00
-5.747983366815914152e-01,-2.938438598215202369e+00,0.000000000000000000e+00
5.431621885907257585e+00,-4.427481394228839129e+00,0.000000000000000000e+00
-3.866112214241828937e+00,-2.802228489083403495e+00,0.000000000000000000e+00
-4.390769536620359403e+00,2.705930655379540362e-01,0.000000000000000000e+00
-2.167036852192206542e+00,-2.938527300246095653e+00,0.000000000000000000e+00
-3.918258739323654538e-01,-3.495522863525507340e+00,0.000000000000000000e+00
-4.771836033868003923e+00,5.089602314958721507e+00,0.000000000000000000e+00
-3.353298256999909466e+00,8.274730066748519519e+00,0.000000000000000000e+00
6.075153553876455170e+00,-7.042436013225176872e+00,0.000000000000000000e+00
-5.981539053736699252e+00,8.534025929832207424e+00,0.000000000000000000e+00
1.614413608374760223e+00,3.522707645624564066e+00,0.000000000000000000e+00
-7.688784336402727515e-01,-2.337449184824367254e-01,1.000000000000000000e+00
-1.847596791396889149e+00,8.315437756934166424e-01,1.000000000000000000e+00
-1.164731090000247882e+00,5.420446449410876610e+00,1.000000000000000000e+00
-3.550727755628218407e+00,1.069675122690254110e+00,1.000000000000000000e+00
3.435922012181083396e+00,-3.383838986333203458e+00,1.000000000000000000e+00
-5.162999989321065186e+00,4.416095271608318384e+00,1.000000000000000000e+00
9.006870714321977278e-01,1.803682389855176149e+00,1.000000000000000000e+00
-7.309022557123423525e-02,-8.066597116470394235e-01,1.000000000000000000e+00
1.411436889442296838e+00,3.965119533940949514e-01,1.000000000000000000e+00
3.852120320321221758e-01,-7.120457291018200685e-01,1.000000000000000000e+00
3.996263371704438683e+00,-2.059751551630529143e+00,1.000000000000000000e+00
5.970120273620171947e-01,2.859302278980384027e-01,1.000000000000000000e+00
-1.506864184872984014e+00,6.017600332219164017e-02,1.000000000000000000e+00
-3.422270632993587025e+00,2.809395744709576537e+00,1.000000000000000000e+00
-2.074857610080091064e+00,2.956820712214023317e+00,1.000000000000000000e+00
1.453560677367134568e+00,-6.363793828304220579e-01,1.000000000000000000e+00
-1.260244639230096775e+00,9.620282492833525101e-01,1.000000000000000000e+00
-7.694793957238648119e-01,-1.007460144170399530e-01,1.000000000000000000e+00
1.051792995503559869e-01,-2.189055259145201937e+00,1.000000000000000000e+00
3.441240540123635228e+00,4.709037905330695217e-01,1.000000000000000000e+00
2.280737138721820045e+00,-3.250518090286613315e+00,1.000000000000000000e+00
5.319867497150895241e-01,-1.685650001285054156e+00,1.000000000000000000e+00
8.726919268792923123e-01,-3.400310893466905182e-01,1.000000000000000000e+00
2.940538346396799341e+00,-1.678120736914294753e+00,1.000000000000000000e+00
2.786875074234768768e+00,-4.827739203734439322e+00,1.000000000000000000e+00
-2.002740541827641607e+00,-2.717491819464901148e-02,1.000000000000000000e+00
1.381568698822250307e-01,7.762846597168465701e-02,1.000000000000000000e+00
-1.034713730447245794e+00,5.387369238948273020e-01,1.000000000000000000e+00
-2.058459262441354021e+00,4.765576572924724585e-01,1.000000000000000000e+00
3.383019536093907487e-01,-6.564850724754248690e-01,1.000000000000000000e+00
3.844234823280555879e+00,-2.205921724062605449e+00,1.000000000000000000e+00
-1.558892261845870708e+00,2.744301474619852854e+00,1.000000000000000000e+00
-2.448770900061751021e+00,1.822657133452740830e-01,1.000000000000000000e+00
2.327449716551993841e+00,1.576044463522328964e+00,1.000000000000000000e+00
6.028041183378638479e-01,1.710477645090251020e+00,1.000000000000000000e+00
-5.330055026107773930e-01,1.304742530291373770e+00,1.000000000000000000e+00
5.162779906559349374e-01,-2.785856877029625700e+00,1.000000000000000000e+00
-8.922196543894331811e-01,6.421685270675301371e-01,1.000000000000000000e+00
1.472400851534840793e+00,-4.711158918063166334e-01,1.000000000000000000e+00
-2.129694674557186529e-02,-9.450472558896376718e-01,1.000000000000000000e+00
2.416421026648285508e+00,1.183766739761624276e+00,1.000000000000000000e+00
3.894485210996166957e-01,-1.346868232585338276e+00,1.000000000000000000e+00
-3.048434161338102744e+00,3.066193433928745993e+00,1.000000000000000000e+00
1.344558855241786977e-02,-4.652250346312254425e-01,1.000000000000000000e+00
1.085877460201940981e+00,-6.794755446365690066e-01,1.000000000000000000e+00
-1.074616864102168057e-02,9.869700418085873839e-01,1.000000000000000000e+00
9.799160123715725534e-01,1.959234216046211730e-01,1.000000000000000000e+00
-7.881884945882610127e-01,6.838559457447016543e-01,1.000000000000000000e+00
1.390774837415537313e+00,-1.162159283220066452e+00,1.000000000000000000e+00
3.053745769832016954e+00,-1.453029932144260794e-01,1.000000000000000000e+00
2.598538256037247862e+00,-3.660104962187017641e+00,1.000000000000000000e+00
-1.329331648669843657e+00,1.884488817315732812e+00,1.000000000000000000e+00
-4.471641940004867366e-01,-9.644323500354954337e-01,1.000000000000000000e+00
-8.578961600414123367e-01,2.448162329380077828e+00,1.000000000000000000e+00
6.476708680348480796e-01,-6.756831554393601946e-01,1.000000000000000000e+00
1.127281439108410166e-01,-1.103565506445063349e+00,1.000000000000000000e+00
-3.248198668260732003e+00,1.934784543597129147e+00,1.000000000000000000e+00
1.848574786048245988e-01,-1.846646295913309643e+00,1.000000000000000000e+00
3.219758403424412663e+00,-5.131909059171280152e-01,1.000000000000000000e+00
4.739664688593859587e+00,-3.795516633050859845e+00,1.000000000000000000e+00
-3.941433649248075044e-01,1.617623511355914534e+00,1.000000000000000000e+00
2.602811013232889881e+00,-2.180515431361974787e+00,1.000000000000000000e+00
-1.425950943349804934e-01,-2.070541479392420947e-02,1.000000000000000000e+00
-6.655242394269061945e-01,-1.621420709620404299e+00,1.000000000000000000e+00
-2.505218266547031725e+00,1.250315039078314427e+00,1.000000000000000000e+00
-5.003938000379614337e+00,1.093498549503692630e+00,1.000000000000000000e+00
1.226458730311462908e+00,2.584701880699501464e-01,1.000000000000000000e+00
-2.467902991789254763e+00,1.533299081713907386e+00,1.000000000000000000e+00
4.134273767006855227e-01,2.047645132000960544e+00,1.000000000000000000e+00
1.879432055553063918e+00,-1.495619746127233807e+00,1.000000000000000000e+00
1.167956782076919442e+00,-1.230971549329512360e+00,1.000000000000000000e+00
-3.828733480301227843e+00,3.595312166259691189e+00,1.000000000000000000e+00
4.055772220561379982e+00,-3.122538034514105831e+00,1.000000000000000000e+00
-2.016937084999128160e+00,-6.072617383427909576e-01,1.000000000000000000e+00
2.107011289157139089e+00,-9.615607048214467323e-01,1.000000000000000000e+00
-2.033511211448874034e-01,-8.391872717968732465e-01,1.000000000000000000e+00
9.583642538881920192e-01,-7.175474808593405029e-01,1.000000000000000000e+00
1.176310795215278482e+00,-2.529520129090053082e+00,1.000000000000000000e+00
1.294191236962491942e+00,2.810596011446599540e+00,1.000000000000000000e+00
6.675719898574892230e-01,-4.714766437183013359e-01,1.000000000000000000e+00
1.183149725284714737e+00,1.580566640796424505e+00,1.000000000000000000e+00
1.641342830431728128e+00,-2.809038585967133184e+00,1.000000000000000000e+00
-3.676597877478989806e-01,-2.622912824085792405e-01,1.000000000000000000e+00
2.435770274748955355e+00,-2.219532631598600592e+00,1.000000000000000000e+00
-1.375239114957003572e+00,2.645918042252447533e-01,1.000000000000000000e+00
-2.368397099486017066e-01,3.132052323583347508e-01,1.000000000000000000e+00
-1.917376872487202455e+00,-3.785952168676294249e-01,1.000000000000000000e+00
-3.154762369356417295e+00,3.144509673676914030e-01,1.000000000000000000e+00
-1.836026151046582067e+00,2.144329113130495568e+00,1.000000000000000000e+00
-1.299224870658376441e+00,3.134440716612998834e+00,1.000000000000000000e+00
-2.355340394342080756e+00,1.641703641632602739e+00,1.000000000000000000e+00
3.540956840779402315e-01,-1.941913223420149937e+00,1.000000000000000000e+00
1.674017113698742731e+00,-4.138957806374951254e+00,1.000000000000000000e+00
-1.144189810083680703e+00,1.380849190500250900e+00,1.000000000000000000e+00
3.119685388058515585e+00,-1.090884484460725723e+00,1.000000000000000000e+00
1.272324311523906237e+00,-8.807891618403910217e-01,1.000000000000000000e+00
-1.996960052315424505e+00,1.439795691969409042e+00,1.000000000000000000e+00
-1.214323503630498013e+00,5.162233304818819590e-01,1.000000000000000000e+00
-1.125357620496430622e+00,7.620134818479014083e-01,1.000000000000000000e+00
3.329822879161460136e+00,-2.532762923709616310e+00,1.000000000000000000e+00
-2.842855712299833804e-01,-1.065058660272692137e+00,1.000000000000000000e+00
-2.783883714754959104e+00,-1.053028794162002679e+00,1.000000000000000000e+00
3.759127469924183451e+00,-1.702308927798684479e+00,1.000000000000000000e+00
-2.933107815015201680e+00,3.224156172043548985e+00,1.000000000000000000e+00
7.505472263371045782e-01,-1.866971754199589828e+00,1.000000000000000000e+00
1.503634840412371443e-01,3.957733326474036639e-01,1.000000000000000000e+00
1.349095065459296472e-01,1.023342074163321014e+00,1.000000000000000000e+00
4.396117929931444124e+00,-1.059956123687429086e+00,1.000000000000000000e+00
4.162424346489876470e+00,-2.576491425782321265e+00,1.000000000000000000e+00
-1.763416943016915983e+00,2.490163630867826550e-01,1.000000000000000000e+00
-1.271379477476106246e+00,1.034245037026896075e+00,1.000000000000000000e+00
8.235158745750355003e-01,-3.306369581840110872e+00,1.000000000000000000e+00
1.192334061851626270e+00,6.888221731571751993e-01,1.000000000000000000e+00
-2.774230595698623958e+00,2.322290854711084762e+00,1.000000000000000000e+00
-6.989336387615568968e-01,-1.133963584259327195e+00,1.000000000000000000e+00
1.991575501617527388e-01,1.471822447590416694e+00,1.000000000000000000e+00
1.369851938254211809e+00,-1.581055193404451220e+00,1.000000000000000000e+00
-3.892449622191556657e-01,1.309279576313699289e+00,1.000000000000000000e+00
-1.916633131402092571e+00,1.344550243289190705e+00,1.000000000000000000e+00
2.372464231029643322e+00,-2.711899655934667308e+00,1.000000000000000000e+00
1.341638902857169580e+00,-7.418909023565762872e-01,1.000000000000000000e+00
-3.426285942535583384e+00,2.286849190104280449e+00,1.000000000000000000e+00
8.278977525154149752e-01,1.836164710679702439e-01,1.000000000000000000e+00
-2.712702419066730819e+00,2.023883974213294135e-01,1.000000000000000000e+00
-5.307748022230986129e-02,-7.858027608396626895e-02,1.000000000000000000e+00
-2.198593015215120960e+00,-1.681128584769572498e+00,1.000000000000000000e+00
-1.476627960683910779e+00,1.321481924425401910e+00,1.000000000000000000e+00
-1.820150321033681129e+00,-3.499720045192413753e-01,1.000000000000000000e+00
-2.132749682595553420e+00,-1.250555445318858094e+00,1.000000000000000000e+00
-3.270457589723808067e-01,-1.019013665363880383e-01,1.000000000000000000e+00
-2.044987575408208524e+00,1.307313459468383066e+00,1.000000000000000000e+00
3.261255359975521628e+00,-2.734995121319521161e+00,1.000000000000000000e+00
-8.279454663121033064e-01,1.168373859728303321e+00,1.000000000000000000e+00
5.660460066323684813e-01,-2.236096660545159764e+00,1.000000000000000000e+00
-5.467579962410026084e+00,3.960843921987136085e+00,1.000000000000000000e+00
-6.958655381402888418e-01,6.033538104147214698e-01,1.000000000000000000e+00
3.465046200316720171e+00,-4.802560644290267966e-01,1.000000000000000000e+00
-2.546633033387409650e+00,1.096480755595878875e+00,1.000000000000000000e+00
1.829732388230927764e+00,-4.567823901231645722e-01,1.000000000000000000e+00
6.329575183304192443e-02,2.708222416725596382e+00,1.000000000000000000e+00
2.397818173159047550e+00,8.983397424128832798e-01,1.000000000000000000e+00
8.746025505065225802e-01,-1.797663403635896717e+00,1.000000000000000000e+00
-1.143317199355038616e+00,2.166483100655518967e+00,1.000000000000000000e+00
5.184791199227939629e+00,-2.920736849223114717e+00,1.000000000000000000e+00
-4.654682454319977403e+00,9.099628011443627873e-01,1.000000000000000000e+00
1.302807129827384003e+00,5.744841571338394903e-01,1.000000000000000000e+00
1.840802096185251147e+00,-4.250827775489543825e+00,1.000000000000000000e+00
-1.738540570238592320e+00,7.028895931601198965e-01,1.000000000000000000e+00
2.327769796357204157e+00,-3.048035082200855062e-01,1.000000000000000000e+00
1.296389237981169673e+00,-3.117143718865489355e-01,1.000000000000000000e+00
-1.100604716478331691e+00,1.343783853482856672e-01,1.000000000000000000e+00
1.199008277577844783e+00,-1.652023231250105528e+00,1.000000000000000000e+00
1.807421809733122053e+00,-2.864098132073142899e-01,1.000000000000000000e+00
2.553336564366551542e+00,-4.212101381055438409e+00,1.000000000000000000e+00
5.553750834219055577e+00,-4.094601432772197569e+00,1.000000000000000000e+00
-6.809800051860079861e-01,-1.258428146241322709e+00,1.000000000000000000e+00
5.460635538556233293e-01,-9.317796297381759629e-01,1.000000000000000000e+00
-3.411791299642078279e+00,3.685798322149064887e+00,1.000000000000000000e+00
-3.304425765917813340e+00,2.129999590147068300e+00,1.000000000000000000e+00
-7.484078616286674590e-01,5.809747730572324409e-01,1.000000000000000000e+00
2.827611939357828064e-01,-4.788930827484342068e+00,1.000000000000000000e+00
-9.368192803837687155e-01,5.842482155386254927e-01,1.000000000000000000e+00
1.760713319669902965e+00,-1.876184812990516759e-01,1.000000000000000000e+00
-5.668368019306468941e-01,1.814527893329061614e+00,1.000000000000000000e+00
1.510878050896146796e+00,-2.911302397030909539e+00,1.000000000000000000e+00
1.402921842697559374e+00,2.223155549309987045e+00,1.000000000000000000e+00
-2.768739097101609592e-01,4.766171092234842699e-01,1.000000000000000000e+00
-3.034381736323442880e+00,3.786676147254526281e-01,1.000000000000000000e+00
5.784260424739284812e-02,-1.723275060210536669e+00,1.000000000000000000e+00
7.097102771747014760e-01,5.283511913772920288e-02,1.000000000000000000e+00
-3.451205460592134067e+00,3.626721495961717778e+00,1.000000000000000000e+00
2.772064695159746961e+00,-6.123141959862119510e-01,1.000000000000000000e+00
2.259576030608013930e+00,-2.850485875635530242e+00,1.000000000000000000e+00
-2.113121335428330694e-01,-9.144795905659780511e-01,1.000000000000000000e+00
4.712322297232486079e+00,2.849984909657536924e-01,1.000000000000000000e+00
-1.043070119912244742e+00,-7.041988143944274414e-01,1.000000000000000000e+00
1.789778549558442400e+00,-3.484691268336030490e+00,1.000000000000000000e+00
-2.295896418803157424e+00,5.679125948202460306e-01,1.000000000000000000e+00
1.720940135199956700e+00,-3.843447973307175802e-01,1.000000000000000000e+00
-3.286414185158483825e-01,-2.220271446783079750e+00,1.000000000000000000e+00
-1.252090220740097237e+00,5.487954171506557177e-01,1.000000000000000000e+00
-1.564229127317980694e+00,8.851592528879441701e-01,1.000000000000000000e+00
-4.569681431621788192e+00,-1.076689633790002043e+00,1.000000000000000000e+00
2.161379779580536731e+00,1.181977296117002751e-01,1.000000000000000000e+00
-2.974803194350970070e+00,1.068206179295415392e+00,1.000000000000000000e+00
2.456436370572843586e+00,-2.724019794482829049e+00,1.000000000000000000e+00
2.652297802643192259e+00,-3.987463831968787176e-01,1.000000000000000000e+00
2.722004131917188374e-01,8.566075711337610699e-01,1.000000000000000000e+00
-2.102473012833520338e-01,-1.721151742804708229e-01,1.000000000000000000e+00
-4.118732459872048501e+00,1.635160207663175491e+00,1.000000000000000000e+00
4.059328656218323950e-01,-3.985810702364406044e+00,1.000000000000000000e+00
2.035407783234745249e+00,-1.355920885542717613e+00,1.000000000000000000e+00
-3.258803628039610434e+00,-9.110543486409254932e-01,1.000000000000000000e+00
-3.821393274546911023e+00,1.430517517944146055e+00,1.000000000000000000e+00
-1.899573801273714890e+00,2.150046558684421516e+00,1.000000000000000000e+00
-1.761233010079016337e-01,4.441701677987370811e-01,1.000000000000000000e+00
-1.365125234938500798e+00,2.579124031417108220e+00,1.000000000000000000e+00
6.284765253167607924e-01,-2.785665384215537888e+00,1.000000000000000000e+00
-2.173291906732046641e-01,-1.961684715026609904e+00,1.000000000000000000e+00
-8.964726050917060096e-02,1.709731126888161423e+00,1.000000000000000000e+00
2.115941228062656165e+00,9.260381043084680019e-01,1.000000000000000000e+00
1.885125715274204250e+00,-2.664020407204480190e+00,1.000000000000000000e+00
2.116093098439173925e+00,-6.862314168428298444e-01,1.000000000000000000e+00
-1.204521832531196823e+00,-5.461404009465398168e-02,1.000000000000000000e+00
-1.187545545490585663e+00,3.708179794999295620e-01,1.000000000000000000e+00
9.926057049396797005e-01,7.462035113629350569e-01,1.000000000000000000e+00
1.817637219272653093e+00,1.215081336746152152e+00,1.000000000000000000e+00
-2.905668703613787152e+00,4.773946718477570350e+00,1.000000000000000000e+00
-5.735082960565882626e-01,6.640316376630730488e-01,1.000000000000000000e+00
1.159311711395848654e+00,-8.946462260425120938e-01,1.000000000000000000e+00
1.684794129308240906e+00,4.865747174389234431e-02,1.000000000000000000e+00
1.381263702605933119e+00,-4.385683963552854392e-01,1.000000000000000000e+00
1.938950077320106491e+00,-2.151388137253525290e+00,1.000000000000000000e+00
-2.041037941090537267e+00,5.037080082762506628e+00,1.000000000000000000e+00
4.191793251351166316e-01,-6.236999589178003900e-01,1.000000000000000000e+00
6.079390382622971156e-01,7.086252773658721082e-01,1.000000000000000000e+00
-6.959966210600558867e-01,-1.706710655351545647e+00,1.000000000000000000e+00
9.053081764020741717e-01,-2.205952338068847940e+00,1.000000000000000000e+00
2.316367414078714049e+00,-1.882812095667772745e+00,1.000000000000000000e+00
1.460728474483999673e+00,-1.278524041990759530e-01,1.000000000000000000e+00
2.249001891062263336e+00,6.390263819720608529e-01,1.000000000000000000e+00
-6.200587283478001588e+00,1.035414215248028569e+00,1.000000000000000000e+00
-4.528155988266921561e+00,2.236856750985099396e+00,1.000000000000000000e+00
1.316266296239287925e+00,-9.007672051189082874e-01,1.000000000000000000e+00
3.307088600668077749e-01,-4.105324855368282400e+00,1.000000000000000000e+00
-1.333350625965364022e+00,-2.981655368722320176e-01,1.000000000000000000e+00
-3.743731506345653326e-01,-2.199480568928708912e+00,1.000000000000000000e+00
-1.238495658125239096e+00,-3.585463433601843164e-02,1.000000000000000000e+00
1.859344922280935286e+00,-1.174754616534654517e+00,1.000000000000000000e+00
-1.385170316412487335e+00,4.239096129461302209e-01,1.000000000000000000e+00
2.325585262130708042e+00,-3.146622424251900529e+00,1.000000000000000000e+00
1.564427172250260512e+00,-3.392155383317718709e-01,1.000000000000000000e+00
2.367895961088851420e-01,6.021640721302593535e-01,1.000000000000000000e+00
1.718066411544966421e+00,-3.577173976090141094e-01,1.000000000000000000e+00
-1.316955124337120253e+00,1.151495482443908092e+00,1.000000000000000000e+00
1.499264640674515370e+00,-3.663361254510511422e+00,1.000000000000000000e+00
-1.280804394636691823e+00,1.264514512076231556e+00,1.000000000000000000e+00
2.463077947271385071e+00,-1.797049614253310112e+00,1.000000000000000000e+00
4.574332289457488931e-01,5.845129567915149371e-01,1.000000000000000000e+00
2.111380499629761154e+00,-1.117596056257967874e+00,1.000000000000000000e+00
-2.124650602646962039e+00,1.277777667745698897e+00,1.000000000000000000e+00
-9.925502147280375054e-01,6.116585545464837681e-01,1.000000000000000000e+00
-1.402778783156511722e+00,-6.356482273174747233e-01,1.000000000000000000e+00
-9.070607251152655870e-01,-1.823367010299754121e+00,1.000000000000000000e+00
1.804865324567612062e+00,-1.858409316687792634e+00,1.000000000000000000e+00
-8.217192722793047466e-01,-7.923545086150565187e-01,1.000000000000000000e+00
2.238628150066267697e+00,-2.803283951351404735e+00,1.000000000000000000e+00
9.662191853468165004e-01,-2.990492752008508504e+00,1.000000000000000000e+00
2.750485673184052349e+00,-4.534116018864643216e+00,1.000000000000000000e+00
1.505881046774743659e+00,-2.709419299027672423e+00,1.000000000000000000e+00
5.165536203058723741e-01,2.408584276758793052e+00,1.000000000000000000e+00
-1.134467124259163739e+00,1.377910279138708560e+00,1.000000000000000000e+00
-1.102328172301394682e+00,-1.751210180886690337e-01,1.000000000000000000e+00
1.686782656918897061e+00,-6.264473954627844954e-01,1.000000000000000000e+00
2.791739639995360900e+00,-2.123209891686702822e+00,1.000000000000000000e+00
2.072054470734001619e+00,-2.682307131432071223e+00,1.000000000000000000e+00
6.359507228966396752e-01,-2.176221888925005121e+00,1.000000000000000000e+00
2.242673056687289002e+00,-2.014500111213343825e+00,1.000000000000000000e+00
-1.184079321811040808e+00,-1.365448459556094507e+00,1.000000000000000000e+00
-6.678696090568328469e-03,9.414570982074757510e-02,1.000000000000000000e+00
-2.311933211614850769e+00,2.073871676844513345e+00,1.000000000000000000e+00
-2.076125988883778639e+00,1.486835627598578569e+00,1.000000000000000000e+00
-4.677746373331627683e-01,2.538536759508687735e-01,1.000000000000000000e+00
1.521636217414753300e+00,-3.832569557381866776e+00,1.000000000000000000e+00
-3.796627125319183449e+00,2.408271933607172954e+00,1.000000000000000000e+00
1.136839078669186431e+00,8.025078838593260322e-01,1.000000000000000000e+00
-2.449321171572500955e+00,5.630045310462339359e-02,1.000000000000000000e+00
3.408481414674317200e+00,-8.642973228677164332e-01,1.000000000000000000e+00
2.888112210560329185e+00,-4.801251160078981783e+00,1.000000000000000000e+00
-1.497332446459849642e+00,2.528500603671614222e+00,1.000000000000000000e+00
2.574459555494360341e+00,-1.128455883779122093e+00,1.000000000000000000e+00
1.328955555638907882e+00,9.109031226068543541e-01,1.000000000000000000e+00
-4.431543524103349618e+00,4.639129140427326270e+00,1.000000000000000000e+00
-1.945829608050212434e+00,-9.593777539420271783e-01,1.000000000000000000e+00
1.689179028886475198e+00,1.973189764624839748e-01,1.000000000000000000e+00
-1.314542351791532004e+00,1.659467064677753179e-01,1.000000000000000000e+00
-4.232120831895327839e+00,3.578481370500665726e-01,1.000000000000000000e+00
7.660216607581519233e-01,-2.724407850129715314e+00,1.000000000000000000e+00
-2.454222906163705975e+00,-1.853265612963574949e+00,1.000000000000000000e+00
1.416881007287318139e+00,-1.860399797385225762e+00,1.000000000000000000e+00
-4.048996422766244052e+00,6.317403417898637130e-01,1.000000000000000000e+00
-9.449488028136265871e-02,-1.355410981797551262e+00,1.000000000000000000e+00
-1.991145302760671809e+00,2.031486029635745982e+00,1.000000000000000000e+00
-6.728582736184485213e-03,1.976014286417244303e+00,1.000000000000000000e+00
4.412875721991627920e+00,-2.281689753531690457e+00,1.000000000000000000e+00
2.307079254680103553e+00,1.576972013579404308e+00,1.000000000000000000e+00
4.028566883425545586e-01,2.854739199145335804e-01,1.000000000000000000e+00
-8.705237576152105028e-01,2.314665343782634110e+00,1.000000000000000000e+00
1.345819316752248751e+00,-1.793121036971694560e+00,1.000000000000000000e+00
-1.303369974654511321e+00,3.344377326395368000e-01,1.000000000000000000e+00
1.329107881601114594e+00,-2.457942328368401874e+00,1.000000000000000000e+00
8.423457545335003571e-01,-6.820163280804624195e-01,1.000000000000000000e+00
8.026670867330840675e-01,-9.321267010583439427e-02,1.000000000000000000e+00
-9.363933520737973693e-01,-2.931472648058595976e+00,1.000000000000000000e+00
-3.040932623772281573e+00,3.440424475154504336e+00,1.000000000000000000e+00
8.695833681379706581e-01,-1.158493984654278330e+00,1.000000000000000000e+00
3.642802260679088633e+00,-4.796565542088186973e+00,1.000000000000000000e+00
-1.495733427833501050e+00,3.365957035684166154e+00,1.000000000000000000e+00
1.569533788998844326e+00,-1.398385374879890009e+00,1.000000000000000000e+00
8.914307151626191805e-01,-1.951262881327036069e+00,1.000000000000000000e+00
