4.392492968973395584e+00,-2.513297032066011738e+00,0.000000000000000000e+00
3.832291952380079358e+00,-3.714470061866252060e+00,0.000000000000000000e+00
-3.871177845397067330e+00,4.444273123956477889e+00,0.000000000000000000e+00
-3.121507433547212607e+00,5.175549850905372118e+00,0.000000000000000000e+00
1.015838500096092556e+00,-4.362620394686503644e+00,0.000000000000000000e+00
-3.606615450263553679e+00,-8.902638551292632041e-01,0.000000000000000000e+00
-3.520593333395154456e+00,-2.792199206058982419e+00,0.000000000000000000e+00
7.196426802620679908e+00,-5.478045645865289970e+00,0.000000000000000000e+00
-7.946020355850951233e+00,5.791842113735237163e+00,0.000000000000000000e+00
3.949631712132061434e+00,-7.455780075974658416e+00,0.000000000000000000e+00
-3.930927207959367564e+00,7.805862292870676455e+00,0.000000000000000000e+00
-1.578099481064101639e-01,-1.945011900605842614e+00,0.000000000000000000e+00
-5.541309527898488518e+00,-2.337389346430152892e-01,0.000000000000000000e+00
-3.051425450034770837e+00,-1.550205950308817693e+00,0.000000000000000000e+00
-2.168663969662698310e-01,-6.090519422655786386e+00,0.000000000000000000e+00
5.642929669998929754e+00,6.812335627354424439e-01,0.000000000000000000e+00
5.947511951612735714e+00,-1.037627722828064591e+01,0.000000000000000000e+00
-1.835961390996458276e+00,-3.041000205179044125e-01,0.000000000000000000e+00
-6.616427217754224932e-01,3.753854717603423818e+00,0.000000000000000000e+00
3.156272680710023315e-01,-4.675929364076242045e+00,0.000000000000000000e+00
-6.956421698561090494e+00,-1.891507775833809912e+00,0.000000000000000000e+00
3.272395961377194684e+00,1.948382225907963283e+00,0.000000000000000000e+00
-5.185106728653051000e+00,6.648262753281760418e+00,0.000000000000000000e+00
5.657691539588290297e+00,-5.892186159607064155e+00,0.000000000000000000e+00
-2.012681767474358216e-02,4.212158888440323601e+00,0.000000000000000000e+00
-3.755725456445748733e+00,-1.784614057045541102e+00,0.000000000000000000e+00
3.349791355570741480e-01,-7.141127733048164394e+00,0.000000000000000000e+00
-2.714808925288417107e+00,6.347856031611237348e+00,0.000000000000000000e+00
-5.747146012093234946e-01,6.078322673042278801e+00,0.000000000000000000e+00
3.570828211478757064e-01,-5.557960410364689352e+00,0.000000000000000000e+00
2.572605096195960783e+00,4.901918737211108379e+00,0.000000000000000000e+00
-3.770158573334730701e+00,7.420575679335918551e+00,0.000000000000000000e+00
-4.741516558950382154e-01,-4.253059569184709510e+00,0.000000000000000000e+00
3.309097224065915555e+00,4.176446360892800413e+00,0.000000000000000000e+00
-8.223716781149702726e+00,7.068184541508336416e+00,0.000000000000000000e+00
-5.902681521334111059e-01,5.873519921782159869e+00,0.000000000000000000e+00
-4.329175884561439425e+00,3.349588747273026801e+00,0.000000000000000000e+00
4.393607748163907090e+00,-1.598890632424952107e+00,0.000000000000000000e+00
2.516986335954942255e+00,4.218724352887825546e+00,0.000000000000000000e+00
-6.394706629682118226e+00,-1.471020255731833037e+00,0.000000000000000000e+00
5.678359861764393557e+00,-6.369844529927835453e+00,0.000000000000000000e+00
-6.510488970109144624e+00,1.598148796026115370e+00,0.000000000000000000e+00
3.337336262560226086e+00,1.750047376896879836e+00,0.000000000000000000e+00
2.392199265878764525e+00,-5.161310390383180291e+00,0.000000000000000000e+00
-4.686158444525473143e+00,-3.112285120854814680e-01,0.000000000000000000e+00
4.395094409862855045e+00,-1.713139889648108705e+00,0.000000000000000000e+00
7.511271650093124919e+00,-2.197089536400122778e-01,0.000000000000000000e+00
-6.461878467485699495e+00,4.078550107464589125e+00,0.000000000000000000e+00
-1.001530816701843518e+00,-5.425097492139829392e+00,0.000000000000000000e+00
-2.831862191285430264e-01,4.343764881808777290e+00,0.000000000000000000e+00
-4.470663944820790547e+00,1.694871658096183120e+00,0.000000000000000000e+00
2.217713734712812634e+00,1.667798853532615810e+00,0.000000000000000000e+00
-5.452385211383745656e+00,3.188390972753375241e+00,0.000000000000000000e+00
-2.241280251883509766e+00,6.934308915832680498e+00,0.000000000000000000e+00
-2.592213014885152433e-01,-5.418475535522643938e+00,0.000000000000000000e+00
4.112368431865870200e+00,-8.625433010547849833e+00,0.000000000000000000e+00
-4.051614985159883275e+00,2.405146123832150984e+00,0.000000000000000000e+00
-1.328555266851984218e+00,-3.434883091652662479e+00,0.000000000000000000e+00
-2.387066426597619806e+00,8.077050797106958280e-01,0.000000000000000000e+00
3.698347316242909688e+00,-6.326007135667318870e+00,0.000000000000000000e+00
6.963978996841857061e+00,-8.724618393125780358e+00,0.000000000000000000e+00
4.934630749295539687e+00,1.411742559666284702e+00,0.000000000000000000e+00
3.271959928669970097e+00,-4.381404561689572930e+00,0.000000000000000000e+00
1.062203265480456071e+00,1.135240995117513307e+00,0.000000000000000000e+00
8.555267591187586618e+00,-9.112412204901449542e+00,0.000000000000000000e+00
-2.513363891844292652e+00,-3.123928188584311982e+00,0.000000000000000000e+00
5.524103464354130466e+00,-7.053416449678916678e+00,0.000000000000000000e+00
-2.151955720747101175e+00,-3.067978368063910999e+00,0.000000000000000000e+00
-4.886961650685611502e+00,3.150747055601639257e+00,0.000000000000000000e+00
5.515596645382808916e+00,-7.553361395726017946e+00,0.000000000000000000e+00
2.428205461634401097e+00,-5.810522358600711534e+00,0.000000000000000000e+00
3.299467306228822228e+00,-5.580013650851017637e+00,0.000000000000000000e+00
7.575801941714759014e-02,4.088190532202952809e+00,0.000000000000000000e+00
-6.140668031109546732e+00,-1.567178565956521552e-01,0.000000000000000000e+00
4.993315593620907933e+00,1.948206197378859361e+00,0.000000000000000000e+00
1.468502889864012673e+00,-4.997021913239871438e+00,0.000000000000000000e+00
-1.092584673081111069e+00,5.265375521905920841e+00,0.000000000000000000e+00
-5.649094770436798640e+00,3.559865675675169427e+00,0.000000000000000000e+00
3.680452386949711219e+00,-7.088819325606967148e+00,0.000000000000000000e+00
2.957768411736774183e+00,-6.413146796101811375e+00,0.000000000000000000e+00
-1.045607167494440271e+00,4.903478626456638345e+00,0.000000000000000000e+00
4.422347102927468576e+00,-2.285404149711814270e+00,0.000000000000000000e+00
5.636082423435960109e+00,-3.853192488418117900e+00,0.000000000000000000e+00
-3.944322573238880469e+00,-4.506812267352047069e-02,0.000000000000000000e+00
-2.183850432971374822e+00,4.399838615110060580e+00,0.000000000000000000e+00
-4.154739509776050888e+00,-1.514053671669466805e+00,0.000000000000000000e+00
5.107729230544698629e-01,1.421389382626533804e+00,0.000000000000000000e+00
1.515456934153894542e-01,-4.688970924957559738e+00,0.000000000000000000e+00
4.315240148862473646e+00,5.859116020501492494e-01,0.000000000000000000e+00
-3.359456487515627643e+00,3.605141411942827112e+00,0.000000000000000000e+00
-2.262814845137465003e+00,2.193097465866666429e+00,0.000000000000000000e+00
-2.414468674305156881e+00,7.369601983621084429e+00,0.000000000000000000e+00
-3.783964578236025389e+00,2.869741423307040407e+00,0.000000000000000000e+00
2.466406025673456792e+00,2.464407500101900350e+00,0.000000000000000000e+00
-7.580295081629031095e+00,2.035390970688438550e+00,0.000000000000000000e+00
4.148984193800346887e+00,-4.315268856998716984e+00,0.000000000000000000e+00
3.208896074378843277e+00,3.281125204950325891e+00,0.000000000000000000e+00
-1.169096083432264122e+00,6.265677600232234745e+00,0.000000000000000000e+00
2.390873713767164510e+00,5.015262107411574632e+00,0.000000000000000000e+00
6.476760067551239786e+00,-1.564323281084396333e+00,0.000000000000000000e+00
1.764528400227064253e+00,-5.775210442284966383e+00,0.000000000000000000e+00
5.266790017079403974e+00,-7.744506612989026095e-01,0.000000000000000000e+00
3.939132781134436101e+00,6.173552737692867831e-01,0.000000000000000000e+00
-5.395018801785391283e+00,-2.088969999909246478e-01,0.000000000000000000e+00
3.656260122573823601e+00,-8.821205604226953767e+00,0.000000000000000000e+00
4.065452672408920165e+00,-3.655252091273972326e+00,0.000000000000000000e+00
7.691059837077208527e+00,-2.297686504449866884e+00,0.000000000000000000e+00
-9.239445985177673348e-01,-4.273049741556353531e+00,0.000000000000000000e+00
-5.685924510533951981e+00,2.737041178188394319e+00,0.000000000000000000e+00
-4.492476235497424142e+00,-1.368121989444243125e+00,0.000000000000000000e+00
4.144227607381128387e+00,1.847072365897372004e-01,0.000000000000000000e+00
2.212853481979508263e+00,-6.895797561266800102e+00,0.000000000000000000e+00
-6.377141588616178858e+00,4.904889608361041375e+00,0.000000000000000000e+00
2.519647000300205164e+00,3.313511160742693029e+00,0.000000000000000000e+00
7.335285427191471364e+00,-4.715986539690978141e+00,0.000000000000000000e+00
-3.803397484265386153e-02,4.102529516294751488e+00,0.000000000000000000e+00
6.956457487822159891e+00,-5.057851329919710537e+00,0.000000000000000000e+00
5.950142329482032366e+00,-7.785509556732661096e+00,0.000000000000000000e+00
5.322039218100183433e+00,-5.443727179886627354e+00,0.000000000000000000e+00
-7.548080366333659086e+00,6.842398268356266300e+00,0.000000000000000000e+00
1.178003042237460329e+00,3.609830965373659328e+00,0.000000000000000000e+00
7.994002306996790708e+00,-2.387297137924395685e+00,0.000000000000000000e+00
4.178215543484230743e+00,1.886919141493174967e+00,0.000000000000000000e+00
1.318469880536835337e+00,3.129854549724026214e+00,0.000000000000000000e+00
-4.424685732085927192e+00,7.468785158180535344e-01,0.000000000000000000e+00
-2.388980655093453365e+00,7.686758224729736355e+00,0.000000000000000000e+00
-1.250393248864438922e+00,7.242426696406651487e+00,0.000000000000000000e+00
-3.103210627979954506e+00,-1.604448898305370852e+00,0.000000000000000000e+00
1.340912059238602350e+00,-4.552185812674841792e+00,0.000000000000000000e+00
4.795103032379038233e+00,2.759228730732117274e+00,0.000000000000000000e+00
-2.241619216071643717e+00,6.783806479204481654e+00,0.000000000000000000e+00
7.729053214966323360e+00,-6.653444871692397733e+00,0.000000000000000000e+00
-6.642504931580539562e+00,4.583752163874182273e+00,0.000000000000000000e+00
-1.187634519683907541e+00,3.865571876164491272e+00,0.000000000000000000e+00
-2.441094846088293358e-01,4.631731231217856681e+00,0.000000000000000000e+00
5.713943706928231059e+00,-2.584691097923937697e+00,0.000000000000000000e+00
4.895297958174060327e+00,9.194880129465100582e-01,0.000000000000000000e+00
-6.084641071467879136e+00,-3.597339192794835050e+00,0.000000000000000000e+00
3.313027664672288708e+00,2.781936076699625726e+00,0.000000000000000000e+00
2.818567552832945466e+00,1.537405472934357364e+00,0.000000000000000000e+00
-5.462204814803498287e+00,-1.601225674394774812e+00,0.000000000000000000e+00
-1.682210966548252529e+00,6.877203846506880325e+00,0.000000000000000000e+00
4.619875648004145852e+00,-8.568830534202936278e+00,0.000000000000000000e+00
2.314207471963696250e+00,4.592102117490766133e+00,0.000000000000000000e+00
4.233230725554301799e+00,3.263484875577583377e+00,0.000000000000000000e+00
-5.144006038000164871e+00,-1.911050536552842294e+00,0.000000000000000000e+00
-1.039151790451356838e+01,7.210471243268480990e+00,0.000000000000000000e+00
-3.479550205530554052e+00,-2.576570438732423973e+00,0.000000000000000000e+00
3.248683532328449974e+00,-4.555500191596441262e+00,0.000000000000000000e+00
-5.786731731644497501e+00,-1.589265088349806065e+00,0.000000000000000000e+00
-3.122225931529050147e+00,1.079062733148171471e+00,0.000000000000000000e+00
-8.131098435102872557e+00,5.842602124941294939e+00,0.000000000000000000e+00
-1.313744271403021857e+00,5.448808596075994437e+00,0.000000000000000000e+00
-5.047459741500693653e+00,3.678987020567789923e+00,0.000000000000000000e+00
-9.017322486213655841e-01,-3.237979936843060180e+00,0.000000000000000000e+00
5.810748606224622748e+00,-5.478341740900081192e+00,0.000000000000000000e+00
-1.013800645352518764e-01,1.398071209816176497e+00,0.000000000000000000e+00
6.370707488585436451e+00,-4.742138322394074734e+00,0.000000000000000000e+00
-3.490179945458618871e+00,-3.213889295347850172e+00,0.000000000000000000e+00
5.899579640193163499e+00,-3.513272405026080847e+00,0.000000000000000000e+00
2.718774321428295782e+00,-4.977250292952865252e+00,0.000000000000000000e+00
-3.374689119222766820e+00,-3.069850626424462270e+00,0.000000000000000000e+00
-4.926371297928762161e+00,7.523691268823510470e+00,0.000000000000000000e+00
-6.685122752590611839e+00,4.640875791740748824e+00,0.000000000000000000e+00
-4.753379507841997587e+00,6.294949920914899799e+00,0.000000000000000000e+00
1.575087385456437783e+00,-8.857678829517956487e+00,0.000000000000000000e+00
2.876068683163029327e+00,-6.285796963327711318e+00,0.000000000000000000e+00
-8.361590577413117842e+00,3.170938879322844794e+00,0.000000000000000000e+00
2.270850465221192493e+00,-4.743403622953684895e+00,0.000000000000000000e+00
-6.361039424187494573e-01,7.194815103017858371e-02,0.000000000000000000e+00
4.435375726970663735e+00,-3.845572726507292316e+00,0.000000000000000000e+00
3.524887584533284102e+00,4.367196279647756363e+00,0.000000000000000000e+00
-2.642155113803033514e-02,-3.222452064582499442e+00,0.000000000000000000e+00
1.211718356103224092e+00,-5.488134376342602927e+00,0.000000000000000000e+00
6.698762015040069073e+00,-1.031056958240992305e+00,0.000000000000000000e+00
3.233184462307282736e+00,-1.889096313622867562e+00,0.000000000000000000e+00
-7.675181101962897934e+00,3.195110746216255126e+00,0.000000000000000000e+00
-1.372239554807375139e+00,5.672969180233299547e+00,0.000000000000000000e+00
-3.560296168223672786e-01,7.220020753534251989e-01,0.000000000000000000e+00
3.710587182265916883e+00,-1.292227114151719203e+00,0.000000000000000000e+00
6.069303641128321658e+00,-2.988474733034207187e+00,0.000000000000000000e+00
2.048671874349157651e+00,-2.608386156926480570e+00,0.000000000000000000e+00
-1.905851636341564070e+00,4.632255544680369042e+00,0.000000000000000000e+00
-3.174230480517920672e+00,-1.664111222195239881e+00,0.000000000000000000e+00
4.286009601278652603e+00,1.205925810424548050e+00,0.000000000000000000e+00
-1.406377699998261566e+00,3.232971593406144262e+00,0.000000000000000000e+00
-5.324106843086868324e+00,1.218077314837514580e+00,0.000000000000000000e+00
4.294559535988857313e+00,-2.979488884458437514e+00,0.000000000000000000e+00
-4.242903954023312885e+00,4.406597534895715929e-01,0.000000000000000000e+00
-2.331753945972566466e+00,1.890925423315452880e+00,0.000000000000000000e+00
4.950849840731919471e+00,-6.601682722061282149e+00,0.000000000000000000e+00
-3.651644810102846250e+00,6.567653321317171944e+00,0.000000000000000000e+00
8.525110964746314579e+00,-6.897357930845988250e+00,0.000000000000000000e+00
-4.091457038082165099e+00,5.135902125222923331e+00,0.000000000000000000e+00
2.814186055857978541e+00,4.073039889177312745e+00,0.000000000000000000e+00
6.397153010641670967e+00,-6.519267513006520964e+00,0.000000000000000000e+00
6.860209101550938549e+00,-3.333765980239936422e+00,0.000000000000000000e+00
-4.469083202463353999e+00,2.603212426190019357e+00,0.000000000000000000e+00
5.202141178709616121e+00,9.352020994969041379e-01,0.000000000000000000e+00
-4.398419523598961156e+00,4.002789138291164228e+00,0.000000000000000000e+00
-2.111053464513330535e+00,-3.608400582098626241e+00,0.000000000000000000e+00
-4.640895638696854952e+00,7.984166753450316456e+00,0.000000000000000000e+00
5.230024453479733992e+00,-3.286749725827325719e+00,0.000000000000000000e+00
-4.683834699387722011e+00,-1.219429739870400153e+00,0.000000000000000000e+00
-4.761777589673286570e+00,4.523492273803659813e+00,0.000000000000000000e+00
-6.568523252127477008e+00,6.451835359530599945e+00,0.000000000000000000e+00
-4.771737986341613613e+00,4.966432574015335000e+00,0.000000000000000000e+00
7.035016382724399442e-01,1.591827606373319881e+00,0.000000000000000000e+00
4.419099217484660613e+00,-4.742220982592415979e+00,0.000000000000000000e+00
9.895808465887329097e-01,4.628454032735630719e+00,0.000000000000000000e+00
3.964430030990206966e+00,2.292556952413045135e+00,0.000000000000000000e+00
4.213734969192305613e+00,-5.291941132499074385e+00,0.000000000000000000e+00
4.934400995835006576e+00,-5.718641898832481196e+00,0.000000000000000000e+00
5.303834313818220458e+00,-3.035538064905472400e+00,0.000000000000000000e+00
-4.518203980912763207e+00,9.373599409110088487e+00,0.000000000000000000e+00
-3.064417934826821011e+00,-9.299956380029743286e-02,0.000000000000000000e+00
4.951203416116901401e+00,-1.733642350096324725e+00,0.000000000000000000e+00
-1.661068089922706603e+00,-1.570139150181042220e+00,0.000000000000000000e+00
-3.840626905579783479e+00,4.845644723616673311e+00,0.000000000000000000e+00
-8.823321457616986052e-01,5.240947198007152252e+00,0.000000000000000000e+00
-7.282121171116209268e+00,8.104757563772762907e+00,0.000000000000000000e+00
-2.072936699162382990e+00,4.546853511026906602e+00,0.000000000000000000e+00
3.371095349712471823e+00,-5.001593870698170186e+00,0.000000000000000000e+00
-1.023627673383511372e+01,4.363730011293161404e+00,0.000000000000000000e+00
4.570472484095816412e+00,4.604890313712511341e-01,0.000000000000000000e+00
1.097975218323429925e+00,2.293909648553610126e+00,0.000000000000000000e+00
-1.664317992782205824e+00,5.040334915228085855e+00,0.000000000000000000e+00
-5.972794844921097912e+00,3.215449809118360314e+00,0.000000000000000000e+00
-2.228097133662859886e+00,-2.115864427202791553e+00,0.000000000000000000e+00
-4.644664454815559118e+00,-4.028177162666834121e+00,0.000000000000000000e+00
4.416747123819677157e+00,-1.049221711498134590e+00,0.000000000000000000e+00
-7.935109368281497488e+00,5.282529154921376424e+00,0.000000000000000000e+00
3.874277010290869239e+00,-2.609616627191984062e+00,0.000000000000000000e+00
-2.599253890991795490e+00,6.380980257760222152e+00,0.000000000000000000e+00
5.536593304771091795e+00,-2.529318658783727525e+00,0.000000000000000000e+00
4.799496685094058357e+00,-4.746595009195487158e+00,0.000000000000000000e+00
-5.468943414783064005e-01,4.912768270319250341e+00,0.000000000000000000e+00
-3.908438790738168578e+00,2.229383354418105867e+00,0.000000000000000000e+00
-9.441680674282517671e+00,9.974885416947225636e+00,0.000000000000000000e+00
-2.672145181971315786e+00,3.734328498803432872e+00,0.000000000000000000e+00
-2.704767484410790956e+00,2.073442613386645483e+00,0.000000000000000000e+00
8.622685697904961089e+00,-7.413326715958286073e+00,0.000000000000000000e+00
-4.147805867628000243e-02,-2.212820759525397474e+00,0.000000000000000000e+00
-4.077032761919884507e+00,2.740473798949637718e+00,0.000000000000000000e+00
6.809525306043179960e+00,-8.609646609438625475e+00,0.000000000000000000e+00
-2.892806608428171611e+00,6.644388196267815516e+00,0.000000000000000000e+00
-6.806482597380188793e+00,5.178059461537369401e+00,0.000000000000000000e+00
-4.249173874382552452e-01,-6.066889594670895391e+00,0.000000000000000000e+00
-3.632350279300749385e+00,9.353643742319423637e+00,0.000000000000000000e+00
6.431422010957023261e+00,-2.144005207626539899e+00,0.000000000000000000e+00
2.584925491749775261e+00,-5.503023984067661800e+00,0.000000000000000000e+00
3.589940584396025258e+00,-1.739860784219824597e+00,0.000000000000000000e+00
3.378432307122173128e+00,-4.200818098424525249e-01,0.000000000000000000e+00
5.282485768733291565e+00,-1.040225587293819753e+00,0.000000000000000000e+00
-5.265952781310300423e+00,-5.510872909214687976e-01,0.000000000000000000e+00
-5.839866831415585047e+00,5.863195297994423960e+00,0.000000000000000000e+00
4.095559951265013154e+00,1.038341495334778708e+00,0.000000000000000000e+00
-1.170951206692037783e+00,1.600353886531452829e+00,0.000000000000000000e+00
-2.437942984293533399e+00,-5.204945443290983853e+00,0.000000000000000000e+00
-3.542904448818839036e+00,3.636143793629285526e+00,0.000000000000000000e+00
-2.187420253347404309e+00,7.340364616881655202e+00,0.000000000000000000e+00
7.559044460089833217e-01,5.498437720553963182e+00,0.000000000000000000e+00
-2.656364919640592070e+00,-2.322371589906756295e+00,0.000000000000000000e+00
-3.476623232503151417e+00,4.352190320459758510e+00,0.000000000000000000e+00
-3.741445512377371774e+00,6.408330972400522185e+00,0.000000000000000000e+00
-4.165531663241629268e+00,5.509446563903162009e+00,0.000000000000000000e+00
1.076922792597406531e+00,-7.409119947999382561e+00,0.000000000000000000e+00
5.155613318906496545e+00,-5.237184465916044473e+00,0.000000000000000000e+00
4.234158562351764132e+00,1.261016435781455947e+00,0.000000000000000000e+00
7.207998997539505126e+00,-5.842790190362135760e+00,0.000000000000000000e+00
8.278411324894111800e+00,-5.637712018858332286e+00,0.000000000000000000e+00
4.868727807367728033e+00,-5.936510106660840336e+00,0.000000000000000000e+00
5.151807130984972893e+00,-6.066102488780761526e+00,0.000000000000000000e+00
-8.458483204510883979e+00,3.746617824688524667e+00,0.000000000000000000e+00
-8.004958881127421932e+00,4.240941690832703337e+00,0.000000000000000000e+00
7.917578600638747410e+00,-3.755974642648131301e+00,0.000000000000000000e+00
-4.991366675267555619e-01,3.648668144965458993e+00,0.000000000000000000e+00
1.151270630679628981e+00,4.473847003592740457e+00,0.000000000000000000e+00
5.896387768058851897e+00,-2.545569884463413590e+00,0.000000000000000000e+00
-8.904499835757302861e+00,4.105677515985329151e+00,0.000000000000000000e+00
-1.300099865188859782e+00,5.008636551152040539e+00,0.000000000000000000e+00
-3.631801743513532355e+00,5.246053427249171008e+00,0.000000000000000000e+00
-7.828341370912977659e+00,1.324371923949798191e+00,0.000000000000000000e+00
-2.484154129873509920e+00,-4.005418762631925311e+00,0.000000000000000000e+00
6.520502856522128354e+00,-4.485099013856398642e+00,0.000000000000000000e+00
-5.469384645473029494e+00,1.153249996681774636e+00,0.000000000000000000e+00
5.307021792592849785e-01,-4.448294713787718457e+00,0.000000000000000000e+00
-2.219540355412236377e+00,-4.413326270008908203e-01,0.000000000000000000e+00
5.015385337722946701e+00,3.403330684864650735e+00,0.000000000000000000e+00
-6.185547095927637073e+00,5.656829348238103350e+00,0.000000000000000000e+00
-1.718499316217341200e+00,-1.634351066536490871e+00,0.000000000000000000e+00
-1.846173884752638772e+00,-2.267814850510140090e+00,0.000000000000000000e+00
-4.802196598954129314e+00,4.396800378273409748e+00,0.000000000000000000e+00
-8.676350471535055675e+00,5.163873432827517540e+00,0.000000000000000000e+00
-7.096133073821599524e+00,9.734060559241124011e+00,0.000000000000000000e+00
6.085695149652847746e+00,-4.139704790806074897e+00,0.000000000000000000e+00
3.216792557455908863e+00,-6.154699665994725066e+00,0.000000000000000000e+00
2.510896888692324413e+00,-6.895376486116417958e+00,0.000000000000000000e+00
-4.633477126905706456e+00,1.808769247709731909e+00,0.000000000000000000e+00
6.281231890469743284e+00,-7.368050754315103923e+00,0.000000000000000000e+00
1.066414021179138194e+00,8.327862143044253429e-01,0.000000000000000000e+00
-2.540818765875680008e+00,-1.340180452532474753e+00,0.000000000000000000e+00
-6.181436304457928799e+00,4.410999187278347833e+00,0.000000000000000000e+00
-2.822391479945077108e+00,6.516620161987134452e+00,0.000000000000000000e+00
-4.930903710556619579e+00,5.560380269805277997e+00,0.000000000000000000e+00
2.594062081043098100e+00,5.203354366325112501e-01,0.000000000000000000e+00
-5.903844304373764729e+00,4.413955503394035418e+00,0.000000000000000000e+00
5.247565565673789401e+00,-1.846347957429667508e+00,0.000000000000000000e+00
-3.434874855467489052e+00,-3.502764841958894149e+00,0.000000000000000000e+00
-5.636861314613089036e+00,1.401988698642661735e+00,0.000000000000000000e+00
-5.926560270430305088e+00,6.843585757087452315e+00,0.000000000000000000e+00
5.360888299624635422e-01,5.435911372724104851e+00,0.000000000000000000e+00
-4.209823117077147181e+00,3.402681389718321014e+00,0.000000000000000000e+00
7.108668328429230243e+00,-7.396823684055780390e+00,0.000000000000000000e+00
-1.535628411531487547e+00,-6.266950501226026260e-01,0.000000000000000000e+00
-6.936575530196707362e+00,-6.020204953427016337e-01,0.000000000000000000e+00
-2.140140537456006964e+00,-2.688641389919626423e+00,0.000000000000000000e+00
-7.598797065250304961e+00,4.850446854003672037e+00,0.000000000000000000e+00
-1.327672586540459498e+00,4.909806792873831149e+00,0.000000000000000000e+00
-7.433851572260476104e+00,8.833444320497278568e+00,0.000000000000000000e+00
-1.046512654312410140e+00,5.559575111684413429e+00,0.000000000000000000e+00
6.169346239803410015e+00,-5.645236687681577381e-01,0.000000000000000000e+00
3.100040651275521864e+00,-6.425897690219255942e+00,0.000000000000000000e+00
6.670244264045713578e+00,-5.152565527256859568e+00,0.000000000000000000e+00
-4.922472858779644689e+00,-2.625288803716790298e+00,0.000000000000000000e+00
4.638295555450220320e+00,-5.437445064687253193e+00,0.000000000000000000e+00
2.911392354584582343e+00,-6.228754537170227756e+00,0.000000000000000000e+00
-5.802253875172598718e+00,-5.066542016327575393e-01,0.000000000000000000e+00
-6.686236952642016007e+00,3.622425273224401110e+00,0.000000000000000000e+00
5.969806975120382830e+00,-2.894498320567397531e+00,0.000000000000000000e+00
-3.990186100943405645e+00,4.653154407108479163e+00,0.000000000000000000e+00
6.320845869287583518e+00,-3.936020162248772714e+00,0.000000000000000000e+00
5.539724490064852347e+00,-3.721334416635727393e+00,0.000000000000000000e+00
4.762411936304702387e+00,-5.179392323634978562e-02,0.000000000000000000e+00
-2.557315962356842665e+00,4.820948576937290397e+00,0.000000000000000000e+00
5.138318067227841901e+00,-9.684669679163738776e-01,0.000000000000000000e+00
-9.757455965514538754e-01,-8.604639412734259807e+00,0.000000000000000000e+00
2.099371933969515602e+00,-9.742746686868893891e-01,0.000000000000000000e+00
-7.809098980591897554e-01,-2.174473239963643056e+00,0.000000000000000000e+00
5.245278579346353887e+00,5.935254305366433059e-02,0.000000000000000000e+00
4.664616908557300157e+00,-1.773070046581531001e+00,0.000000000000000000e+00
-7.748611760360187839e-01,-6.955628845250982906e+00,0.000000000000000000e+00
4.945993992861199118e+00,1.334721101369599650e+00,0.000000000000000000e+00
6.354589382623259119e+00,-4.956450353561925759e+00,0.000000000000000000e+00
-8.172480487710783947e+00,5.802969542929544922e+00,0.000000000000000000e+00
3.719687883816926721e-01,-5.996675457343955351e+00,0.000000000000000000e+00
6.787441861729810455e+00,-5.684299364627637630e+00,0.000000000000000000e+00
-3.586413846045171994e+00,2.740968518878969640e+00,0.000000000000000000e+00
7.921627763745748396e+00,-7.746935612846954200e+00,0.000000000000000000e+00
5.753212869249877848e+00,-3.407041794138923940e+00,0.000000000000000000e+00
5.138046043518806449e+00,-4.829554437036795100e+00,0.000000000000000000e+00
3.696173157476962512e+00,-2.446736845010452743e+00,0.000000000000000000e+00
3.597380763529503422e+00,-1.455680341617019646e+00,0.000000000000000000e+00
-4.551527084819509739e+00,7.633474959392712478e+00,0.000000000000000000e+00
-2.637086409020219513e+00,6.508131150610426907e+00,0.000000000000000000e+00
-6.576068738666717373e+00,-6.782410874722609728e-01,0.000000000000000000e+00
-6.903850837902212323e-01,-6.581128332957150384e+00,0.000000000000000000e+00
2.694914936984075804e-01,4.208340879413643876e+00,0.000000000000000000e+00
1.822004174912892349e+00,4.804259302732564407e+00,0.000000000000000000e+00
-3.499832646636110489e+00,8.680160956099406633e+00,0.000000000000000000e+00
-6.327119152172264727e+00,5.114916086160541830e+00,0.000000000000000000e+00
2.774186771624001402e+00,-1.878034117333707009e-01,0.000000000000000000e+00
1.800818056133097755e+00,-6.878330267466026271e+00,0.000000000000000000e+00
-8.037164508425185261e+00,2.915081638701607858e+00,0.000000000000000000e+00
-3.856541769628927252e+00,5.361633838209667324e+00,0.000000000000000000e+00
-6.022600150148802456e-01,-3.730239579558928043e+00,0.000000000000000000e+00
-9.666834306782321473e-01,-2.982714309421682586e+00,0.000000000000000000e+00
3.822812257328426000e+00,-3.250742644645447044e+00,0.000000000000000000e+00
-4.838190542483331136e+00,3.245786535957579932e+00,0.000000000000000000e+00
8.714883023684344421e-01,4.104266698668278757e+00,0.000000000000000000e+00
7.937550185516352386e+00,-1.486147417455901731e+00,0.000000000000000000e+00
6.169003570683143423e+00,-3.550780505644187013e+00,0.000000000000000000e+00
5.723465490437951608e+00,-4.254415211850344214e+00,0.000000000000000000e+00
-2.423054210182551849e+00,-3.075265100100505133e+00,0.000000000000000000e+00
-3.565494244787263511e+00,7.372832836505745391e+00,0.000000000000000000e+00
1.312410745795014488e+00,-9.712347543923652848e-01,0.000000000000000000e+00
-7.402641278913415945e+00,5.067708919292503111e+00,0.000000000000000000e+00
7.318266261571425346e+00,-3.916024613955629619e+00,0.000000000000000000e+00
5.153194962324663564e+00,-3.453505161730128226e+00,0.000000000000000000e+00
-4.644121949783439618e+00,2.730629577427484911e+00,0.000000000000000000e+00
-3.794689101767737771e+00,3.701274435834698284e-01,0.000000000000000000e+00
5.724339216357657634e+00,-5.830293326099669216e+00,0.000000000000000000e+00
2.272167567163068114e+00,7.677923232370745810e-01,0.000000000000000000e+00
-4.481069664135215902e+00,4.113913919869318647e+00,0.000000000000000000e+00
7.926486349242911622e+00,-2.966518877635105689e+00,0.000000000000000000e+00
-4.983795365861713123e+00,8.272947208181840040e+00,0.000000000000000000e+00
-5.463556876304143550e+00,8.842462231094698311e+00,0.000000000000000000e+00
5.158809106873820660e+00,-1.776224552225207809e+00,0.000000000000000000e+00
2.807268601480038317e+00,-5.528872558331622500e+00,0.000000000000000000e+00
5.890793301636508161e+00,8.656859630737322453e-01,0.000000000000000000e+00
4.068007539480692714e+00,-8.759060835530263489e+00,0.000000000000000000e+00
7.639754796352207222e-01,-4.574539248680248527e+00,0.000000000000000000e+00
-2.559771075536628526e+00,-3.277203878862560149e+00,0.000000000000000000e+00
-4.323590421562881758e+00,6.415788322020453904e+00,0.000000000000000000e+00
-3.019996373439215009e+00,8.853630683354666076e+00,0.000000000000000000e+00
-8.391510753010821944e+00,3.607595449177814384e+00,0.000000000000000000e+00
1.320443431296452585e+00,-4.389589931190261751e+00,0.000000000000000000e+00
-2.740410001707246579e+00,4.832481926397986349e+00,0.000000000000000000e+00
-2.498762886106193015e+00,1.165239740735367846e+00,0.000000000000000000e+00
-4.582418274843865547e+00,3.961904720425534876e+00,0.000000000000000000e+00
3.203231369436790654e+00,2.566268039017188141e+00,0.000000000000000000e+00
6.234214392769846569e+00,-2.648747841542274273e+00,0.000000000000000000e+00
-1.733850795971774605e+00,-2.158153828889979753e+00,0.000000000000000000e+00
-1.133723005572184528e+00,-2.397224134949026197e+00,0.000000000000000000e+00
-5.167908245532836453e+00,4.288835209984811492e+00,0.000000000000000000e+00
2.564842651608540525e+00,-3.193510249472577112e+00,0.000000000000000000e+00
-1.863550898839637870e+00,4.779497177854528545e+00,0.000000000000000000e+00
-2.068177453282407097e+00,-5.805853875597597025e+00,0.000000000000000000e+00
-3.951786991116123637e+00,5.967090783699680934e+00,0.000000000000000000e+00
4.310898476303251847e+00,2.915125096457920506e+00,0.000000000000000000e+00
4.187541282388819397e+00,-1.318858812918693557e+00,0.000000000000000000e+00
-4.736407848158544986e+00,-2.308838428989694158e+00,0.000000000000000000e+00
3.773919737255914786e+00,3.875648370215579952e+00,0.000000000000000000e+00
3.177165219686546305e+00,-1.241747520074534296e-02,0.000000000000000000e+00
6.091704103924136859e+00,-5.325932484748445717e+00,0.000000000000000000e+00
-5.961472874046554793e+00,6.613194603516546977e+00,0.000000000000000000e+00
1.891573253948205302e+00,1.658993018482552317e+00,0.000000000000000000e+00
-2.249041452437376964e+00,5.972756786683774521e+00,0.000000000000000000e+00
2.040953729055427601e+00,4.918340921111523656e+00,0.000000000000000000e+00
-4.031924424374063953e+00,8.236110537558200662e+00,0.000000000000000000e+00
-4.590991881728436752e+00,6.326428094740025543e+00,0.000000000000000000e+00
2.325611925087297305e+00,-8.220851540869746898e+00,0.000000000000000000e+00
4.262283005895192822e+00,4.500932385290709270e+00,0.000000000000000000e+00
-5.293563618207057786e+00,1.823490067213813015e+00,0.000000000000000000e+00
-4.625810036130159730e+00,-5.264112744725548687e-01,0.000000000000000000e+00
-6.509062927085770944e+00,5.015676131420124584e+00,0.000000000000000000e+00
6.257241670396136435e+00,-6.248820741755051422e+00,0.000000000000000000e+00
4.005032671438927494e+00,-6.554784505463700839e+00,0.000000000000000000e+00
-4.332934236534219608e+00,-1.752683438082799916e-02,0.000000000000000000e+00
-4.314689674105604000e-01,-2.563437153903023180e+00,0.000000000000000000e+00
-5.913206820718720280e+00,6.544645821648808592e+00,0.000000000000000000e+00
1.711193457160349318e+00,-4.146540664261487485e+00,0.000000000000000000e+00
-1.377387624854866655e+00,5.262078765776431410e+00,0.000000000000000000e+00
-8.591077706357934218e+00,6.683162067820890506e+00,0.000000000000000000e+00
-5.032042188941410643e+00,3.776600216054047721e+00,0.000000000000000000e+00
4.206334797967636874e+00,-2.982139476977129000e+00,0.000000000000000000e+00
4.485690713386192741e+00,1.273734555730637874e+00,0.000000000000000000e+00
2.887710350626789158e+00,4.029100762521983015e+00,0.000000000000000000e+00
-1.846965814977377551e+00,6.104544333492209596e+00,0.000000000000000000e+00
-7.353500693750397943e+00,1.340149753559421564e+00,0.000000000000000000e+00
2.746424053897672302e+00,-3.807599483619142910e-01,0.000000000000000000e+00
-3.334817634462144298e+00,3.734373320487933690e+00,0.000000000000000000e+00
1.975054790470694321e+00,2.942032045762333681e+00,0.000000000000000000e+00
1.791532050006012788e+00,-7.442074920466079213e+00,0.000000000000000000e+00
7.430492909071035434e+00,-1.182114562441038741e+00,0.000000000000000000e+00
7.291137130549848466e-01,2.149171408385655013e+00,0.000000000000000000e+00
2.640018874212113786e+00,-2.304044283490116918e+00,0.000000000000000000e+00
4.857928972975362747e+00,-7.345182626940045534e-01,0.000000000000000000e+00
-2.911868628362810796e+00,5.211677650539167317e+00,0.000000000000000000e+00
-4.985418644039999458e-01,4.795994666554050490e+00,0.000000000000000000e+00
7.514646196473176332e+00,-1.103101862919631193e+00,0.000000000000000000e+00
-8.004509985721604437e+00,3.005916802623670225e+00,0.000000000000000000e+00
6.200246745368040102e+00,-2.886551475462202809e+00,0.000000000000000000e+00
-5.001456022575936800e+00,3.443976504769974412e+00,0.000000000000000000e+00
3.128781489255890946e+00,3.494918530561786696e+00,0.000000000000000000e+00
-8.256460671818002695e+00,4.246450297303851151e+00,0.000000000000000000e+00
-4.909615365909872686e+00,6.221981855074132817e+00,0.000000000000000000e+00
-6.545637987829495685e+00,3.291275526842473820e+00,0.000000000000000000e+00
-6.726378489715731490e+00,5.500598014740146979e+00,0.000000000000000000e+00
-4.740118958371276392e+00,2.311076596080420931e+00,0.000000000000000000e+00
2.533478802944360897e+00,1.841083174970052916e+00,0.000000000000000000e+00
-7.623318560576088920e+00,1.363362767815995635e+00,0.000000000000000000e+00
4.896161743603260952e+00,-5.829027940815394437e+00,0.000000000000000000e+00
3.675734263412441027e+00,-6.035680333946249476e+00,0.000000000000000000e+00
-1.780976568151525719e+00,6.759641152449000323e+00,0.000000000000000000e+00
5.280283240494878960e+00,2.029628878063906239e+00,0.000000000000000000e+00
-2.964751661004594752e+00,-1.513561707855839877e+00,0.000000000000000000e+00
2.085977135444684549e+00,-4.406345399658719408e+00,0.000000000000000000e+00
6.352154064336271055e+00,2.897135796200692504e+00,0.000000000000000000e+00
-1.169731115718523284e+00,5.389353368954920676e+00,0.000000000000000000e+00
5.920084237945404837e+00,-1.649733445411134758e+00,0.000000000000000000e+00
-5.890420044915225972e+00,7.940789856409811165e+00,0.000000000000000000e+00
3.732439824272971496e+00,-8.033387376999408858e+00,0.000000000000000000e+00
-5.807785499627204473e+00,4.181692975878767982e+00,0.000000000000000000e+00
-9.018168608412558740e+00,5.490396769053723425e+00,0.000000000000000000e+00
-3.268000109154727717e+00,2.158502430003869321e+00,0.000000000000000000e+00
-3.701886694807511091e+00,7.314269669671736196e+00,0.000000000000000000e+00
-5.112248751568192473e-01,5.533994540262352047e+00,0.000000000000000000e+00
-2.206862110171151775e-02,-4.012109908170526928e+00,0.000000000000000000e+00
2.248861936442289600e-01,-5.895039311290327433e+00,0.000000000000000000e+00
7.668285158759283959e+00,-8.712225895659618802e-01,0.000000000000000000e+00
-4.087845811967588006e+00,2.814723866361545368e-01,0.000000000000000000e+00
1.445272325682923631e+00,-6.141613189332253420e+00,0.000000000000000000e+00
5.702229907188534064e-01,3.366135914487716985e+00,0.000000000000000000e+00
1.093047233272903096e+00,1.199654869177640748e+00,0.000000000000000000e+00
-3.658182160831018326e+00,8.488146080202277233e+00,0.000000000000000000e+00
4.439916607210565580e+00,-9.378264174776150597e+00,0.000000000000000000e+00
4.070411794554796181e+00,-3.460199795571221593e+00,0.000000000000000000e+00
-4.096631125279062147e+00,7.443592225029913578e+00,0.000000000000000000e+00
-6.677283532340809735e+00,1.140066710904604097e+00,0.000000000000000000e+00
-3.738391715167653562e+00,4.508254484766904824e+00,0.000000000000000000e+00
3.747949571173501138e-01,-2.845363978038270680e+00,0.000000000000000000e+00
-2.523901423428337232e+00,-4.429058844216715585e+00,0.000000000000000000e+00
4.546064479653428414e+00,7.325322306979151765e-01,0.000000000000000000e+00
1.952614088681405846e+00,4.344327254649945402e+00,0.000000000000000000e+00
-2.520761465230471288e+00,4.681924773658341365e+00,0.000000000000000000e+00
-7.717045429331657047e+00,2.753373553265360485e+00,0.000000000000000000e+00
2.304478743546350128e-01,9.039020336752168205e-01,0.000000000000000000e+00
-4.999156738522025911e+00,-9.350528483045618400e-02,0.000000000000000000e+00
-4.147577711788122734e+00,2.730174390234400228e+00,0.000000000000000000e+00
-7.075753442440803731e+00,6.413051645861419736e+00,0.000000000000000000e+00
-2.469172226109006107e+00,3.949065832341875359e-01,0.000000000000000000e+00
3.145075680814454433e+00,-1.946874982595111714e+00,0.000000000000000000e+00
4.691190985620873555e+00,-2.169581762541517300e-01,0.000000000000000000e+00
-2.499778840703481997e+00,5.819280100007701684e+00,0.000000000000000000e+00
-2.359245473671902182e+00,1.221713162924863649e+00,0.000000000000000000e+00
-4.974534451811580382e+00,3.907735444729727003e+00,0.000000000000000000e+00
2.123621738324855457e+00,-6.242686408217906546e+00,0.000000000000000000e+00
-4.639042972939947163e+00,-7.764914833721383580e-01,0.000000000000000000e+00
-4.975994663447579569e+00,3.650901571170399595e+00,0.000000000000000000e+00
3.490758600819794388e+00,-7.509041596836795840e+00,0.000000000000000000e+00
-4.406135578290838239e+00,-3.104843967186782461e+00,0.000000000000000000e+00
4.350190306131642259e+00,-2.166540430764122060e+00,0.000000000000000000e+00
-5.779053659274780985e-01,5.009388336001553199e+00,0.000000000000000000e+00
-1.652056939128708990e+00,-2.956281821077314742e+00,0.000000000000000000e+00
5.050730076632433452e+00,-7.113450726530690105e+00,0.000000000000000000e+00
4.554698685750313003e-01,5.053125428168291577e+00,0.000000000000000000e+00
1.926011628897537520e+00,-8.090946933766499427e+00,0.000000000000000000e+00
-1.134896405171699740e+01,6.108369270651280658e+00,0.000000000000000000e+00
9.140460658124828441e+00,-1.017664537374522915e+01,0.000000000000000000e+00
-4.095706190530687962e+00,7.314113012314601647e+00,0.000000000000000000e+00
-5.317575814241956245e+00,3.099229526791523082e+00,0.000000000000000000e+00
8.146248973093150880e+00,-6.235343522506056502e+00,0.000000000000000000e+00
-3.646680870019020748e+00,3.118721308850779916e+00,0.000000000000000000e+00
8.346257793654613621e+00,-1.666528535409692591e+00,0.000000000000000000e+00
6.670517781709905059e+00,-4.080044524875355294e-01,0.000000000000000000e+00
1.051797944973416277e+00,-1.742155431494833762e+00,0.000000000000000000e+00
1.285656321391965173e+00,-3.097176135578674216e+00,0.000000000000000000e+00
5.509057699088873328e+00,-7.690626484954983688e+00,0.000000000000000000e+00
-4.666566599834227169e+00,7.354759724627094597e-01,0.000000000000000000e+00
8.186607964696227313e+00,-6.360491197248901329e+00,0.000000000000000000e+00
7.259126015745706040e-01,-4.855410306528673559e+00,0.000000000000000000e+00
-2.388646279192176092e+00,5.443201560698369690e+00,0.000000000000000000e+00
7.921244428545959337e-01,-7.511473929762673585e+00,0.000000000000000000e+00
1.403311122244688791e+00,-6.486578003181391772e+00,0.000000000000000000e+00
-6.707334104439811817e+00,1.410556369816537314e+00,0.000000000000000000e+00
8.994826642204404976e+00,-3.371667115676734827e+00,0.000000000000000000e+00
-1.477784493235521524e+00,5.209349615905722430e+00,0.000000000000000000e+00
5.984351706336770604e+00,-9.621733504388096492e+00,0.000000000000000000e+00
-4.597977508937427515e+00,-1.316694267035957377e+00,0.000000000000000000e+00
2.413208588946101241e+00,2.586990805385771086e+00,0.000000000000000000e+00
6.465903217645315726e-01,-6.311979522820648780e-01,0.000000000000000000e+00
-2.765600800802451964e+00,6.231466200446843295e+00,0.000000000000000000e+00
1.050825721769007792e+00,1.883946544813889457e+00,0.000000000000000000e+00
2.137202936805035147e+00,-2.070041206798389322e+00,0.000000000000000000e+00
1.762687220242086017e+00,2.482517699270144984e+00,0.000000000000000000e+00
7.408056772346699681e+00,-3.717305292384149862e+00,0.000000000000000000e+00
2.247847908660305816e+00,-3.389784701127214195e+00,0.000000000000000000e+00
-4.427141214597814844e+00,8.679671945175877923e+00,0.000000000000000000e+00
-3.967549926831526880e-02,-3.152764588468697227e+00,0.000000000000000000e+00
-2.467685712624449135e+00,7.494887666808234705e+00,0.000000000000000000e+00
1.060951433251994702e+00,1.167853132987421771e+00,0.000000000000000000e+00
3.947203088231032719e+00,7.595057038449899711e-02,0.000000000000000000e+00
5.689633783170173764e+00,-9.093525840384481640e+00,0.000000000000000000e+00
-1.349710462108606457e+00,5.033915186008689702e+00,0.000000000000000000e+00
-3.049324449890668198e+00,7.438242503989461518e+00,0.000000000000000000e+00
6.331759915568760277e+00,-7.604241049347933767e+00,0.000000000000000000e+00
-2.858611098665607919e+00,-5.632367225935136501e-01,0.000000000000000000e+00
-8.829980336941332553e+00,5.791437186555487671e+00,0.000000000000000000e+00
-8.510803436740696171e+00,5.671180168514457165e+00,0.000000000000000000e+00
-3.719477581236965591e+00,5.504390021131662536e+00,0.000000000000000000e+00
6.721319153819226067e+00,-4.814094468432316809e+00,0.000000000000000000e+00
2.490118158214716715e+00,-4.291120862254735435e+00,0.000000000000000000e+00
6.269089810826857345e+00,-4.016948088009563378e+00,0.000000000000000000e+00
3.608397106260435638e+00,-6.536275316530934631e+00,0.000000000000000000e+00
-4.365538583657651017e+00,-5.997190320041447364e+00,0.000000000000000000e+00
-3.965439990185767982e+00,1.627381546047429017e+00,0.000000000000000000e+00
-7.308707467813865044e+00,8.746994191918735950e+00,0.000000000000000000e+00
5.230825987222790019e+00,-4.574064968487913774e+00,0.000000000000000000e+00
-8.047973651928549188e+00,7.861416517916147484e+00,0.000000000000000000e+00
3.587934650739406650e-01,2.802443511588387448e+00,0.000000000000000000e+00
-5.247569760086852497e+00,-6.502715183076417382e-01,0.000000000000000000e+00
3.375357912340435362e-01,6.008394421720244516e+00,0.000000000000000000e+00
6.021509664162286946e+00,-4.099258926320465513e+00,0.000000000000000000e+00
2.164938774011131883e+00,2.907211757024182219e+00,0.000000000000000000e+00
-1.486998899802411067e+00,4.023960855550744675e+00,0.000000000000000000e+00
5.678794472280535466e+00,-3.787060323926129790e+00,0.000000000000000000e+00
4.606345058779426793e+00,-1.514178287180749205e+00,0.000000000000000000e+00
4.031858481322988519e-01,-6.350054926157347346e+00,0.000000000000000000e+00
6.541722763051424749e+00,-5.745346998853776199e+00,0.000000000000000000e+00
-3.840361038159318952e+00,-7.888871630386311562e-01,0.000000000000000000e+00
-7.467167211807078431e+00,1.579684851712979787e+00,0.000000000000000000e+00
-5.553941787109749839e+00,7.504561187630169883e+00,0.000000000000000000e+00
1.016652200167781395e+01,-6.838156306558699882e+00,0.000000000000000000e+00
2.955276143458812843e+00,9.591302532252122814e-01,0.000000000000000000e+00
-8.905404015224807068e+00,6.974873238815884946e+00,0.000000000000000000e+00
4.939553850018576497e+00,-7.335674062473309220e+00,0.000000000000000000e+00
4.240405998790091502e+00,-9.769516891233198663e+00,0.000000000000000000e+00
-2.628718565895650450e+00,6.964307883956501577e+00,0.000000000000000000e+00
-3.560310524997754467e+00,-4.067459149416117192e+00,0.000000000000000000e+00
-3.269055152376328266e+00,-2.762557234037132936e+00,0.000000000000000000e+00
-7.104872299011855574e+00,4.044058563981199228e+00,0.000000000000000000e+00
-5.724050173692288190e+00,-1.455262004689369615e+00,0.000000000000000000e+00
1.110016663013646099e+00,-6.016004689304678799e+00,0.000000000000000000e+00
4.536494423602470683e+00,2.831124867827114588e+00,0.000000000000000000e+00
3.706927360398769355e+00,-5.995235864247219659e+00,0.000000000000000000e+00
-5.059837041282673198e+00,3.779277353904712200e+00,0.000000000000000000e+00
-5.101191984108510269e+00,-2.386188746563449037e+00,0.000000000000000000e+00
6.821758435693895173e+00,-2.831752412658544049e+00,0.000000000000000000e+00
7.332506385299164542e-01,3.035806077217449772e+00,0.000000000000000000e+00
3.327137097367461216e+00,-1.560601605090777610e+00,1.000000000000000000e+00
-3.360195480274084101e-01,1.027820981346885043e+00,1.000000000000000000e+00
6.260458202666060457e-01,9.033812307491440041e-01,1.000000000000000000e+00
7.808479163476645946e-01,-4.765690081612360962e-01,1.000000000000000000e+00
2.208497912838265353e+00,-7.962797751795069878e-01,1.000000000000000000e+00
-3.970554692272796893e-01,1.008750968526293867e+00,1.000000000000000000e+00
-3.317577086537614739e-01,-7.658466568946498132e-01,1.000000000000000000e+00
5.780324213890598584e-01,6.216098365673218273e-01,1.000000000000000000e+00
1.487313450996043507e+00,1.567648757258604642e+00,1.000000000000000000e+00
4.778941099006570048e-01,1.753438937297181033e+00,1.000000000000000000e+00
-1.566090677487270988e-01,-1.450624637161399333e+00,1.000000000000000000e+00
2.048392498088452918e+00,-1.824061675231593682e+00,1.000000000000000000e+00
9.065716890044273057e-01,-8.704696079297717937e-01,1.000000000000000000e+00
-9.069052706332076941e-01,2.481606437785039088e+00,1.000000000000000000e+00
3.796395928892701277e-01,-9.490592840150489096e-01,1.000000000000000000e+00
1.746608138645856956e+00,5.307270189831309049e-01,1.000000000000000000e+00
1.026286824066022341e+00,1.183420281280340158e-01,1.000000000000000000e+00
2.625750617299805967e+00,-2.804393950887484444e+00,1.000000000000000000e+00
1.259751387064726114e+00,2.718217905624206177e-01,1.000000000000000000e+00
1.075473950613273333e+00,2.472967639933151940e+00,1.000000000000000000e+00
-2.904301268764376776e+00,2.371840154039472903e+00,1.000000000000000000e+00
-1.462441632537112124e+00,4.150927647170593815e+00,1.000000000000000000e+00
2.132193684731273908e+00,-8.605263341490850815e-01,1.000000000000000000e+00
-2.436142080233056451e+00,4.931089982223950674e-01,1.000000000000000000e+00
-3.053047468934170006e+00,1.078631936049720741e+00,1.000000000000000000e+00
-1.602933096926473899e+00,1.103997136703516846e+00,1.000000000000000000e+00
2.413723633617056663e+00,-2.319829261667278431e+00,1.000000000000000000e+00
1.169277162741994447e+00,4.822312249795184247e-01,1.000000000000000000e+00
2.544817704579722673e+00,-3.195268709411701380e+00,1.000000000000000000e+00
1.690047046185209512e+00,-4.374005998226822456e+00,1.000000000000000000e+00
1.181947329192957863e+00,-3.807381354764307058e-01,1.000000000000000000e+00
-1.345164363548598363e+00,1.297432647504898728e+00,1.000000000000000000e+00
5.429416977202824457e-01,3.433757539062720632e+00,1.000000000000000000e+00
-8.879705120140463093e-02,2.317711913780955424e-01,1.000000000000000000e+00
-1.347088227421960049e-01,-4.635022186361014707e-01,1.000000000000000000e+00
-1.689786862978846393e+00,-2.664187120214233095e-01,1.000000000000000000e+00
-1.127608189208946232e+00,3.883747706007483647e+00,1.000000000000000000e+00
1.791146526482982448e+00,1.972472318894599730e-01,1.000000000000000000e+00
-2.298950764745678832e+00,3.048783305653838482e+00,1.000000000000000000e+00
-7.151924720639521449e-02,2.183420037929790503e-01,1.000000000000000000e+00
6.377140202460573892e-02,3.000371112258562345e+00,1.000000000000000000e+00
-1.087216699894475225e+00,-1.358374396563153175e+00,1.000000000000000000e+00
-3.505300373200928021e-01,2.311156779571879483e+00,1.000000000000000000e+00
1.236458139373157517e+00,5.553447537871782913e-01,1.000000000000000000e+00
1.471845322728019489e+00,6.539577609153111037e-01,1.000000000000000000e+00
-3.207128719058084942e-01,-1.252253935515835082e+00,1.000000000000000000e+00
-2.503185694995795796e+00,6.294859856599782644e-01,1.000000000000000000e+00
-1.320103008970347602e+00,8.452684581312656098e-01,1.000000000000000000e+00
1.528745139955526577e-01,1.403957746049675936e+00,1.000000000000000000e+00
-1.601961761998202283e+00,1.313735752800105017e+00,1.000000000000000000e+00
-4.717015908599812235e+00,1.001999437456393638e+00,1.000000000000000000e+00
1.274223407926842411e+00,-3.794411111016219529e+00,1.000000000000000000e+00
-1.879828924119477940e-01,-1.442933008791202010e+00,1.000000000000000000e+00
-1.489835381156834337e-01,-1.145951028841669883e+00,1.000000000000000000e+00
-5.289447982822189642e-01,5.582851060227588258e-01,1.000000000000000000e+00
-2.526950388044546969e+00,2.837287373245938049e+00,1.000000000000000000e+00
3.381470281709796133e+00,-7.305348501911951287e-01,1.000000000000000000e+00
-2.571527174088850676e-01,6.818959114752995987e-01,1.000000000000000000e+00
-1.422437595611383054e+00,1.962358799990296943e+00,1.000000000000000000e+00
-1.270416192199004701e+00,-1.340480571714509073e-01,1.000000000000000000e+00
2.363263362069778495e+00,1.834227922639697139e+00,1.000000000000000000e+00
-2.468681174041953696e-01,2.417593002125800972e+00,1.000000000000000000e+00
2.825427610127773548e+00,-4.449577645829500550e-01,1.000000000000000000e+00
-6.216068585572147587e-01,-3.007564540310514900e+00,1.000000000000000000e+00
-3.764051393403863160e-02,6.594859135043514842e-01,1.000000000000000000e+00
4.186380001240277871e+00,-1.497435160453113534e+00,1.000000000000000000e+00
9.794448111807406709e-01,-6.286380685365170473e-01,1.000000000000000000e+00
1.830278577839665521e+00,5.706348442374753471e-01,1.000000000000000000e+00
-1.391601036580095985e-01,2.709822643884773896e-01,1.000000000000000000e+00
1.523595378217209806e+00,-2.939351013443107341e+00,1.000000000000000000e+00
1.051700117528493017e+00,-4.445625763865485025e-01,1.000000000000000000e+00
4.003759877962809743e-01,3.845992806771310613e-01,1.000000000000000000e+00
-2.424195566173342406e-02,9.158039262553227533e-02,1.000000000000000000e+00
1.265570787394517185e-02,3.728170371262195193e+00,1.000000000000000000e+00
1.479694693418125706e-01,-3.509034259464954841e-01,1.000000000000000000e+00
-2.464477780168077281e+00,1.256296044970899528e+00,1.000000000000000000e+00
4.201476275732275667e+00,-3.699366266381615809e+00,1.000000000000000000e+00
-2.594739306092879172e+00,1.308848933642433376e+00,1.000000000000000000e+00
1.275707531504660208e+00,-1.139749038839999562e+00,1.000000000000000000e+00
-3.222260831237838463e+00,2.132159196190679840e+00,1.000000000000000000e+00
2.064757664274984528e+00,-2.641427736933727566e+00,1.000000000000000000e+00
4.800619306581461743e-01,1.784234862817777101e+00,1.000000000000000000e+00
-5.392413577150457549e+00,4.342934272719172206e+00,1.000000000000000000e+00
8.905158640243489021e-01,4.409653928638453402e-01,1.000000000000000000e+00
1.557058555283409307e+00,-1.744032715180128479e+00,1.000000000000000000e+00
5.030231228542028088e-01,-1.144984080301428703e-01,1.000000000000000000e+00
-3.542826133717806858e+00,4.861597499676837408e+00,1.000000000000000000e+00
-4.362676200098475343e-01,1.611784731769426937e+00,1.000000000000000000e+00
3.130063326177889849e+00,-2.181596969570947842e+00,1.000000000000000000e+00
-8.538960682978726791e-01,2.170621739477149426e+00,1.000000000000000000e+00
4.937681649017579666e+00,-3.774100126151975765e+00,1.000000000000000000e+00
-1.849925159059595758e+00,1.987592688755063786e-01,1.000000000000000000e+00
2.821037140122951481e+00,-3.052015286070133282e-01,1.000000000000000000e+00
1.416217365156684282e+00,4.142720655037731570e-01,1.000000000000000000e+00
5.810799182594832413e-01,-3.032220185823431446e+00,1.000000000000000000e+00
7.059378346289341133e-01,2.300092436901060911e+00,1.000000000000000000e+00
2.162419181191061135e+00,-1.611099848993208461e+00,1.000000000000000000e+00
2.829076644751862268e-01,-1.337648782604901276e+00,1.000000000000000000e+00
-1.478459148903892295e-01,-7.661340225075873311e-01,1.000000000000000000e+00
8.105991917015612502e-01,-5.125476246288719340e-01,1.000000000000000000e+00
-1.825225507696211391e+00,1.382633524047649942e+00,1.000000000000000000e+00
-1.173493449254907173e+00,5.212013774107878555e-02,1.000000000000000000e+00
2.322837612634679694e+00,1.683273237634789199e-01,1.000000000000000000e+00
2.085169916810346802e+00,-1.428268469285337572e+00,1.000000000000000000e+00
-5.112435053649824201e-01,-1.400713164344712602e+00,1.000000000000000000e+00
1.401831147060349725e+00,1.948215459697314911e+00,1.000000000000000000e+00
-9.730086431422917403e-01,-1.562065528576321194e+00,1.000000000000000000e+00
2.535426255117178229e+00,-2.242171592829873994e+00,1.000000000000000000e+00
-1.168110656467893138e+00,-1.281837085375945540e+00,1.000000000000000000e+00
-2.610966976166344988e+00,1.422490581831590939e+00,1.000000000000000000e+00
6.110196372969448619e-01,-2.332580196442975762e+00,1.000000000000000000e+00
-1.047655917195161823e+00,-8.606283368879202866e-01,1.000000000000000000e+00
1.531697772542349512e+00,-8.005050721470237107e-01,1.000000000000000000e+00
1.035801734235050064e+00,-1.896019668315661155e+00,1.000000000000000000e+00
-3.112094006891963360e+00,2.130984593250079939e+00,1.000000000000000000e+00
3.285459010532537083e-01,5.458706962079086233e-01,1.000000000000000000e+00
1.158936176643185600e+00,-8.056722380299631281e-01,1.000000000000000000e+00
-7.773374007467455105e-01,1.839470617893603110e+00,1.000000000000000000e+00
2.779717267624929322e-01,1.120080130083219050e+00,1.000000000000000000e+00
3.723992350683817953e+00,-2.815445203689654896e+00,1.000000000000000000e+00
-3.331592314535321286e-02,4.000288035358327832e-02,1.000000000000000000e+00
4.713723113835385087e-03,-9.785613580554767266e-01,1.000000000000000000e+00
5.107198376163570724e-02,8.432733224282457085e-01,1.000000000000000000e+00
2.692509127217476816e+00,-1.928613992960871881e+00,1.000000000000000000e+00
1.404518334703762639e+00,3.033115319745352534e-01,1.000000000000000000e+00
-2.359657510911245648e+00,-2.134631107516475890e-01,1.000000000000000000e+00
6.347251826158706312e-01,-2.336611195992364554e+00,1.000000000000000000e+00
1.866450427170609716e+00,-3.222885526895442165e+00,1.000000000000000000e+00
3.993378022903104618e-01,1.600671748913523595e+00,1.000000000000000000e+00
-1.349758916120814278e-01,1.627346972546702242e+00,1.000000000000000000e+00
-1.056431516340102308e-02,-1.123980240536102571e+00,1.000000000000000000e+00
-3.854387914770961210e+00,2.928613971169717445e+00,1.000000000000000000e+00
5.171990214255874907e-01,-1.546438509619618928e+00,1.000000000000000000e+00
-1.391226124676194109e+00,2.229674164367434486e+00,1.000000000000000000e+00
-2.319253223173362688e+00,-1.130015989208448535e-01,1.000000000000000000e+00
-2.372354433704741083e+00,2.395600206341060634e+00,1.000000000000000000e+00
9.582341087353423159e-01,-9.858846374939831403e-01,1.000000000000000000e+00
1.024411719312489533e+00,-1.836722590281207212e+00,1.000000000000000000e+00
1.911164952357092273e-01,-1.845713712339354107e-01,1.000000000000000000e+00
8.217941534967648787e-01,-8.396994031069936471e-01,1.000000000000000000e+00
-5.662335898024062342e-01,-7.400431666380959950e-01,1.000000000000000000e+00
-9.456005545398451506e-01,-3.206581954687938718e-01,1.000000000000000000e+00
7.500581495865754622e-01,-1.913361993111386328e+00,1.000000000000000000e+00
-1.614232734705338901e+00,8.351366678419098744e-01,1.000000000000000000e+00
3.519215458698186083e+00,-1.263134128464941552e+00,1.000000000000000000e+00
-1.197179780175696928e+00,3.606161645277433658e-01,1.000000000000000000e+00
-3.629090591475331529e+00,2.807364945244226639e+00,1.000000000000000000e+00
-1.624066305570372737e-01,-5.469538146841187443e-01,1.000000000000000000e+00
-1.536066778159000723e+00,1.008974977436181836e-01,1.000000000000000000e+00
1.510306400565301299e+00,-9.048107158239963033e-01,1.000000000000000000e+00
3.959342580648034238e-01,3.445075710005137681e-01,1.000000000000000000e+00
1.316532218392375553e-01,-2.200587922947264463e+00,1.000000000000000000e+00
3.573244094379300351e-01,2.357820214662433578e-01,1.000000000000000000e+00
-2.492880513647691920e+00,3.378474907306958208e+00,1.000000000000000000e+00
8.526507072357543127e-01,3.003805354656591042e+00,1.000000000000000000e+00
1.059814751098858254e+00,9.535410377193291875e-01,1.000000000000000000e+00
1.163364872988666532e+00,-3.029392829566632361e+00,1.000000000000000000e+00
-2.883345156207089310e+00,2.549172583794560687e+00,1.000000000000000000e+00
-2.075635661491601613e+00,7.952938149457280392e-01,1.000000000000000000e+00
-1.344091424831959536e+00,2.198899878875369307e+00,1.000000000000000000e+00
1.131618419009100318e+00,-3.180603620138505727e-01,1.000000000000000000e+00
1.965984410908823143e+00,-4.532788022335346945e+00,1.000000000000000000e+00
-6.167586491395733450e-01,-4.711080041522037326e-02,1.000000000000000000e+00
1.737898681479660423e+00,-3.497810209488182220e+00,1.000000000000000000e+00
3.020567073021835025e+00,-8.174750552912130042e-01,1.000000000000000000e+00
1.981850553849385577e+00,-9.737569151637478493e-01,1.000000000000000000e+00
2.984040546211362610e+00,-1.377133198102045597e+00,1.000000000000000000e+00
9.758719090215791647e-01,-3.573935442474525659e-01,1.000000000000000000e+00
7.608799205538131494e-01,-4.711352368216472492e-02,1.000000000000000000e+00
1.727018884766511553e+00,-1.258788616186505616e+00,1.000000000000000000e+00
-7.864909579783653237e-01,1.923196319790431152e+00,1.000000000000000000e+00
-1.668081312183541165e+00,5.774618919311920173e-01,1.000000000000000000e+00
7.550627011697953750e-02,-3.234000171260190015e+00,1.000000000000000000e+00
7.388104887737220183e-01,1.697652261912190097e+00,1.000000000000000000e+00
7.430424817088531197e-01,-6.949757058528224229e-01,1.000000000000000000e+00
5.501685188190454934e-01,-1.167140193585072261e+00,1.000000000000000000e+00
2.819390360042352661e+00,-1.000862008247675350e+00,1.000000000000000000e+00
-2.299151552482594507e+00,1.929357714857705464e+00,1.000000000000000000e+00
3.292249733997930083e-01,7.428052702723126899e-01,1.000000000000000000e+00
6.266321282088030964e-01,9.988733542005084898e-01,1.000000000000000000e+00
-9.771623318066133268e-02,1.057158677197554963e+00,1.000000000000000000e+00
4.419483032581787540e+00,1.344111546257078293e+00,1.000000000000000000e+00
-9.211417305072466810e-01,1.626272821197213947e+00,1.000000000000000000e+00
-3.515311642031787365e+00,-7.067769445742658752e-01,1.000000000000000000e+00
-7.853693510969502745e-01,1.923707351333242999e+00,1.000000000000000000e+00
-2.235838725650519110e-01,2.724395881047750656e+00,1.000000000000000000e+00
-2.096742564352338967e+00,-1.202445203698850218e+00,1.000000000000000000e+00
1.850463859545574019e+00,-9.434960870412055778e-01,1.000000000000000000e+00
-1.135286838047318975e-01,-4.022858607679516418e-01,1.000000000000000000e+00
2.512263451077697329e+00,-3.812049604031108263e+00,1.000000000000000000e+00
-1.059681398129589835e+00,7.929511904111595788e-01,1.000000000000000000e+00
6.557553021365611912e-01,8.673141992361493857e-01,1.000000000000000000e+00
4.841775168564766418e-01,4.041426552214238965e-01,1.000000000000000000e+00
2.764764012154969919e+00,-1.566301125171517539e+00,1.000000000000000000e+00
1.383978064033528410e+00,2.539890908824043447e-01,1.000000000000000000e+00
-1.927920167146128350e+00,1.126848163178452822e+00,1.000000000000000000e+00
-2.159647902550593468e+00,-1.536955997412116748e+00,1.000000000000000000e+00
4.921385726447596309e-01,-3.307169209924698094e+00,1.000000000000000000e+00
2.056117738223816049e-01,-1.013187024423022997e+00,1.000000000000000000e+00
2.157058114123341142e+00,-1.546753853918509114e-01,1.000000000000000000e+00
-4.972646130058594460e-01,3.297831121494737561e-01,1.000000000000000000e+00
-6.549951137126631961e-02,2.917791195770340074e-01,1.000000000000000000e+00
1.574725829175223524e+00,-1.330238750980567541e+00,1.000000000000000000e+00
-4.277707199435789143e+00,1.754451203752520616e+00,1.000000000000000000e+00
1.012426747125527715e+00,1.201404021885511764e+00,1.000000000000000000e+00
-3.787625424886003067e+00,1.961437201413624765e+00,1.000000000000000000e+00
7.296584428559921287e-01,-1.687637080474032047e-01,1.000000000000000000e+00
-9.654877789037831226e-01,4.955408805670079575e-01,1.000000000000000000e+00
-1.545962220776180729e+00,1.723766611655959125e+00,1.000000000000000000e+00
1.311499386325749361e+00,5.976852171467489372e-01,1.000000000000000000e+00
-9.324255108264332126e-01,2.788218566612409077e+00,1.000000000000000000e+00
-1.380658331889874857e+00,-1.439730213985527474e+00,1.000000000000000000e+00
-8.858131184837880756e-01,6.485272190787210178e-01,1.000000000000000000e+00
-2.212551691024547962e-01,-4.788492890510282485e-01,1.000000000000000000e+00
1.689349626886126055e-02,-3.124389692279161412e-01,1.000000000000000000e+00
-7.255428807540531544e+00,5.933969255305696855e+00,1.000000000000000000e+00
-7.166842508222488473e-01,1.134833056207403157e+00,1.000000000000000000e+00
5.693659243040655404e+00,-1.645730011788985703e+00,1.000000000000000000e+00
-1.426023284507281552e+00,8.971652750664690368e-01,1.000000000000000000e+00
-8.240757599474147765e-01,2.184462224780903572e+00,1.000000000000000000e+00
-3.246426009177159955e+00,2.816771928707429318e+00,1.000000000000000000e+00
-1.984585643747896588e+00,1.545822326322528584e+00,1.000000000000000000e+00
-1.270170574030321964e+00,2.551145493180386303e+00,1.000000000000000000e+00
-3.476084785494623075e-01,-5.544647119042032113e-01,1.000000000000000000e+00
-3.051691153079529428e+00,-4.602607682858569360e-01,1.000000000000000000e+00
2.097063549113149072e+00,-2.861138047058476297e-01,1.000000000000000000e+00
6.863163031765634470e-01,-7.482266748708109316e-02,1.000000000000000000e+00
1.385747563841620345e+00,6.591617653649624042e-01,1.000000000000000000e+00
-3.683683007655373043e+00,1.868921888717273161e+00,1.000000000000000000e+00
1.117704353514955784e+00,-1.208896284012931588e+00,1.000000000000000000e+00
-7.781566130153851901e-01,-1.893322704761449815e+00,1.000000000000000000e+00
2.135335025395422637e+00,-6.113544637159583628e-01,1.000000000000000000e+00
-5.831106339966251051e-01,-1.897897779440568033e+00,1.000000000000000000e+00
-3.373659807529911236e-01,-1.686288068918356808e-01,1.000000000000000000e+00
-6.683389276265376544e-02,-3.402707172321991491e-01,1.000000000000000000e+00
1.942359076355517855e+00,2.128777946561135170e+00,1.000000000000000000e+00
1.216292587439660178e+00,-2.029008574171163648e+00,1.000000000000000000e+00
1.128829525036807446e+00,4.861006455462399956e-01,1.000000000000000000e+00
1.857892198657353555e+00,-1.353952200612203116e+00,1.000000000000000000e+00
2.861395881115624817e+00,5.396093960761369490e-02,1.000000000000000000e+00
1.447966870843454323e+00,-1.784445137314154994e+00,1.000000000000000000e+00
-2.861995297343152833e-01,3.560402334200311714e+00,1.000000000000000000e+00
1.011003080820207289e+00,-2.098743538560839728e+00,1.000000000000000000e+00
-1.707232928287053808e-01,-7.214117809728201047e-01,1.000000000000000000e+00
3.763737883103633219e+00,-1.663127670466155283e+00,1.000000000000000000e+00
-6.809816102345961353e-01,1.986094446237584688e+00,1.000000000000000000e+00
-1.644608823907571571e+00,4.494091272810025739e-01,1.000000000000000000e+00
-2.714671502256372104e+00,1.561703323002362698e+00,1.000000000000000000e+00
-3.119026757674783656e+00,4.538423072118394686e+00,1.000000000000000000e+00
3.014561816537697059e+00,-2.126286130743679781e+00,1.000000000000000000e+00
-4.776051199324602980e-01,-1.218163727225062720e+00,1.000000000000000000e+00
2.035558986235301404e+00,1.152399725146137976e+00,1.000000000000000000e+00
1.889094069589115188e+00,-1.015993795951297907e+00,1.000000000000000000e+00
4.728680552964471318e+00,-1.132410331504153239e-01,1.000000000000000000e+00
-1.876020430710928277e+00,-8.354771890348154928e-01,1.000000000000000000e+00
5.747155492644401287e-01,-1.238074802583121192e+00,1.000000000000000000e+00
-2.306722009568948906e+00,3.012888531032890782e+00,1.000000000000000000e+00
-2.332580174281018603e+00,-4.860935239727344204e-01,1.000000000000000000e+00
2.856980518922306977e+00,-1.914580862836582353e+00,1.000000000000000000e+00
2.628827194813091461e-01,-7.471576005201697734e-01,1.000000000000000000e+00
-1.853623114913847791e+00,-1.058908151439538203e+00,1.000000000000000000e+00
-5.452499862529716079e-01,-1.573615981580480883e+00,1.000000000000000000e+00
9.158952105517864650e-01,-3.020872527313921641e+00,1.000000000000000000e+00
-2.922108982019978818e+00,1.783108124361935998e+00,1.000000000000000000e+00
-7.909400827660989508e-01,6.534966201027111454e-01,1.000000000000000000e+00
1.945352983137419667e+00,3.646322814452576666e-01,1.000000000000000000e+00
-3.543904779107197034e-01,7.232967413178660321e-01,1.000000000000000000e+00
3.636239590554553591e-01,1.055255528118179020e+00,1.000000000000000000e+00
1.451836999374309878e+00,1.338978634703264170e+00,1.000000000000000000e+00
-2.244787210202394689e+00,2.855987036327398698e+00,1.000000000000000000e+00
4.141822080130569184e+00,-1.944412702984234631e+00,1.000000000000000000e+00
1.459380044514443808e+00,-4.646095236432813635e+00,1.000000000000000000e+00
2.054982336348563976e+00,-1.112808650746393901e+00,1.000000000000000000e+00
-5.553636406858796226e-01,1.752039780413311210e+00,1.000000000000000000e+00
3.054106839699907358e-02,-8.638722549266489859e-01,1.000000000000000000e+00
-2.861113514240935629e+00,1.168274007751993082e+00,1.000000000000000000e+00
6.070485158962666272e-01,-7.286772517209640920e-01,1.000000000000000000e+00
4.792092186492650785e-01,1.148537230773746032e+00,1.000000000000000000e+00
2.859950112729811256e+00,5.763823970512605976e-01,1.000000000000000000e+00
1.042180342123791847e+00,1.220126766167152488e-01,1.000000000000000000e+00
8.649140372652919240e-01,-1.450083332269363368e+00,1.000000000000000000e+00
6.395288163459806885e-01,4.913820455283494648e-01,1.000000000000000000e+00
9.121886063625002372e-02,6.434537856167077408e-01,1.000000000000000000e+00
-1.993752466599593154e-01,-1.577704896169950466e+00,1.000000000000000000e+00
1.363671374791547208e+00,-5.650633061194914042e-01,1.000000000000000000e+00
-9.479154855346123842e-02,-6.050342361144480652e-01,1.000000000000000000e+00
2.153863352481115712e+00,-1.339416700719259445e+00,1.000000000000000000e+00
9.310917407494784248e-02,2.236596042907661730e-01,1.000000000000000000e+00
1.259972255235543459e+00,1.354292694772490258e+00,1.000000000000000000e+00
6.059207689576245892e-01,-8.132294801694365249e-01,1.000000000000000000e+00
4.041702987975584804e+00,3.556897103374419278e-02,1.000000000000000000e+00
1.387666265201674909e+00,2.150454907819257411e+00,1.000000000000000000e+00
-2.714540407245792153e+00,4.654559760438244709e+00,1.000000000000000000e+00
1.779062010647784464e-01,1.391456913155948438e+00,1.000000000000000000e+00
-2.206949757855169558e+00,-1.465079242526533987e+00,1.000000000000000000e+00
-1.452493852555557297e+00,1.042651911434865214e-01,1.000000000000000000e+00
8.938587572367394651e-01,-7.883578666774427868e-01,1.000000000000000000e+00
-1.850872548018813513e+00,1.907601980217384918e+00,1.000000000000000000e+00
3.362822479136867160e-01,-6.615038381118472366e-02,1.000000000000000000e+00
6.157654509077621352e-01,-1.293846419129863978e+00,1.000000000000000000e+00
